dataset,domain,method,role,comparison_group,n_seeds,expected_seeds,seeds,mean_mAP50_percent,sample_std_percent,mean_delta_vs_source_pp
DIOR,brightness,A,source,common_1epoch,1,1,42,24.16841983795166,,0.0
DIOR,brightness,AASFOD,ema,common_1epoch,0,3,,,,
DIOR,brightness,AASFOD,student,common_1epoch,0,3,,,,
DIOR,brightness,B,ema,common_1epoch,3,3,42;43;44,24.552730719248455,0.09179418343176557,0.38431088129679364
DIOR,brightness,B,student,common_1epoch,3,3,42;43;44,23.393719395001728,0.1688363516323334,-0.7747004429499308
DIOR,brightness,B_REG,ema,common_1epoch,3,3,42;43;44,24.627238015333813,0.05872040897723614,0.4588181773821513
DIOR,brightness,C,ema,common_1epoch,3,3,42;43;44,24.74161883195241,0.00896334626993114,0.5731989940007528
DIOR,brightness,C,student,common_1epoch,3,3,42;43;44,23.202457030614216,0.4680514925061141,-0.965962807337443
DIOR,brightness,D,ema,common_1epoch,3,3,42;43;44,23.988433182239532,0.02819951032570208,-0.17998665571212769
DIOR,brightness,D,student,common_1epoch,3,3,42;43;44,18.047592043876648,0.7567804471074484,-6.120827794075012
DIOR,brightness,E,ema,common_1epoch,3,3,42;43;44,24.553147951761883,0.09389490700388736,0.3847281138102214
DIOR,brightness,E,student,common_1epoch,3,3,42;43;44,23.193450272083282,0.6134850420155863,-0.9749695658683777
DIOR,brightness,F,ema,common_1epoch,3,3,42;43;44,24.007701873779297,0.1594893841534138,-0.16071796417236328
DIOR,brightness,F,student,common_1epoch,3,3,42;43;44,15.55736760298411,0.8030552426092071,-8.61105223496755
DIOR,brightness,F_text_only,ema,common_1epoch,3,3,42;43;44,23.936361571153004,0.04442217942166045,-0.23205826679865518
DIOR,brightness,F_veto_only,ema,common_1epoch,3,3,42;43;44,24.59673633178075,0.10834394036638874,0.42831649382909137
DIOR,brightness,IRG,ema,common_1epoch,3,3,42;43;44,24.42249208688736,0.09216536587205706,0.25407224893569946
DIOR,brightness,IRG,student,common_1epoch,3,3,42;43;44,23.088031510512035,0.5277083693225437,-1.080388327439626
DIOR,brightness,LPLD,ema,common_1epoch,3,3,42;43;44,24.782695372899372,0.03954812607094045,0.6142755349477133
DIOR,brightness,LPLD,student,common_1epoch,3,3,42;43;44,23.55305751164754,0.4187743292918159,-0.6153623263041178
DIOR,brightness,LoRA-CGA,ema,supervised_lora_oracle,0,3,,,,
DIOR,brightness,LoRA-CGA+VLST,ema,supervised_lora_oracle,0,3,,,,
DIOR,brightness,SFUT,ema,common_1epoch,3,3,42;43;44,24.2008979121844,0.02321652236999316,0.03247807423273722
DIOR,brightness,SFUT,student,common_1epoch,3,3,42;43;44,23.496413230895996,0.14405558114465497,-0.6720066070556641
DIOR,brightness,SFYOLO,ema,extended_2epoch,0,3,,,,
DIOR,brightness,SFYOLO,student,extended_2epoch,0,3,,,,
DIOR,clean,A,source,common_1epoch,1,1,42,29.48998510837555,,0.0
DIOR,clean,AASFOD,ema,common_1epoch,0,3,,,,
DIOR,clean,AASFOD,student,common_1epoch,0,3,,,,
DIOR,clean,B,ema,common_1epoch,3,3,42;43;44,29.810866713523865,0.09765714707597879,0.32088160514831543
DIOR,clean,B,student,common_1epoch,3,3,42;43;44,27.590482433636982,0.4309425825690637,-1.8995026747385662
DIOR,clean,B_REG,ema,common_1epoch,3,3,42;43;44,29.98492419719696,0.04984769450230293,0.49493908882141113
DIOR,clean,C,ema,common_1epoch,3,3,42;43;44,29.67182993888855,0.1083429527119523,0.1818448305130005
DIOR,clean,C,student,common_1epoch,3,3,42;43;44,26.6979585091273,0.6356594676060773,-2.7920265992482505
DIOR,clean,D,ema,common_1epoch,3,3,42;43;44,29.938016335169475,0.07801926278129773,0.448031226793925
DIOR,clean,D,student,common_1epoch,3,3,42;43;44,20.732345680395763,0.844055403496,-8.757639427979788
DIOR,clean,E,ema,common_1epoch,3,3,42;43;44,29.951510826746624,0.2007273757011657,0.4615257183710734
DIOR,clean,E,student,common_1epoch,3,3,42;43;44,26.603721578915913,1.0153143351326692,-2.8862635294596353
DIOR,clean,F,ema,common_1epoch,3,3,42;43;44,29.772090911865234,0.2682813940279042,0.28210580348968506
DIOR,clean,F,student,common_1epoch,3,3,42;43;44,19.914768139521282,0.5432032782505478,-9.575216968854269
DIOR,clean,F_text_only,ema,common_1epoch,3,3,42;43;44,29.826428492863972,0.09887779962844254,0.33644338448842365
DIOR,clean,F_veto_only,ema,common_1epoch,3,3,42;43;44,29.910799860954285,0.05927550245829581,0.42081475257873535
DIOR,clean,IRG,ema,common_1epoch,3,3,42;43;44,29.77634270985921,0.03368371087881133,0.2863576014836629
DIOR,clean,IRG,student,common_1epoch,3,3,42;43;44,27.467823028564453,0.39131851682542473,-2.022162079811096
DIOR,clean,LPLD,ema,common_1epoch,3,3,42;43;44,29.86292640368144,0.15613720857499247,0.3729412953058879
DIOR,clean,LPLD,student,common_1epoch,3,3,42;43;44,27.644291520118713,0.4636290734900045,-1.845693588256836
DIOR,clean,LoRA-CGA,ema,supervised_lora_oracle,0,3,,,,
DIOR,clean,LoRA-CGA+VLST,ema,supervised_lora_oracle,0,3,,,,
DIOR,clean,SFUT,ema,common_1epoch,3,3,42;43;44,29.599002997080486,0.012501128038338256,0.10901788870493571
DIOR,clean,SFUT,student,common_1epoch,3,3,42;43;44,27.380139629046123,0.42514963436553754,-2.1098454793294272
DIOR,clean,SFYOLO,ema,extended_2epoch,0,3,,,,
DIOR,clean,SFYOLO,student,extended_2epoch,0,3,,,,
DIOR,cloudy,A,source,common_1epoch,1,1,42,29.026827216148376,,0.0
DIOR,cloudy,AASFOD,ema,common_1epoch,0,3,,,,
DIOR,cloudy,AASFOD,student,common_1epoch,0,3,,,,
DIOR,cloudy,B,ema,common_1epoch,3,3,42;43;44,29.649975895881653,0.10542836691416872,0.6231486797332764
DIOR,cloudy,B,student,common_1epoch,3,3,42;43;44,26.732165614763897,0.6235774340246527,-2.294661601384481
DIOR,cloudy,B_REG,ema,common_1epoch,3,3,42;43;44,29.751389225323994,0.05070042141695336,0.7245620091756185
DIOR,cloudy,C,ema,common_1epoch,3,3,42;43;44,29.42676643530528,0.005484243847216869,0.39993921915690106
DIOR,cloudy,C,student,common_1epoch,3,3,42;43;44,26.412569483121235,0.4638467340290503,-2.61425773302714
DIOR,cloudy,D,ema,common_1epoch,3,3,42;43;44,28.629525502522785,0.04693862486767499,-0.39730171362559
DIOR,cloudy,D,student,common_1epoch,3,3,42;43;44,20.08232871691386,1.487500226625374,-8.944498499234518
DIOR,cloudy,E,ema,common_1epoch,3,3,42;43;44,29.67925767103831,0.09772448139156337,0.6524304548899332
DIOR,cloudy,E,student,common_1epoch,3,3,42;43;44,26.783241828282673,0.801409606366119,-2.243585387865702
DIOR,cloudy,F,ema,common_1epoch,3,3,42;43;44,28.53549023469289,0.21798774049227246,-0.49133698145548504
DIOR,cloudy,F,student,common_1epoch,3,3,42;43;44,18.43308061361313,0.8527698732454968,-10.593746602535248
DIOR,cloudy,F_text_only,ema,common_1epoch,3,3,42;43;44,28.534795840581257,0.13353873003371214,-0.49203137556711835
DIOR,cloudy,F_veto_only,ema,common_1epoch,3,3,42;43;44,29.685422778129578,0.12692991769659234,0.6585955619812012
DIOR,cloudy,IRG,ema,common_1epoch,3,3,42;43;44,29.329996307690937,0.17849434556394944,0.30316909154256183
DIOR,cloudy,IRG,student,common_1epoch,3,3,42;43;44,27.023316423098247,0.33857323576018045,-2.0035107930501304
DIOR,cloudy,LPLD,ema,common_1epoch,3,3,42;43;44,29.321467876434326,0.2369024688141021,0.2946406602859497
DIOR,cloudy,LPLD,student,common_1epoch,3,3,42;43;44,27.362345655759174,0.12935030970932818,-1.664481560389201
DIOR,cloudy,LoRA-CGA,ema,supervised_lora_oracle,0,3,,,,
DIOR,cloudy,LoRA-CGA+VLST,ema,supervised_lora_oracle,0,3,,,,
DIOR,cloudy,SFUT,ema,common_1epoch,3,3,42;43;44,29.387601216634113,0.018150586268333796,0.3607740004857381
DIOR,cloudy,SFUT,student,common_1epoch,3,3,42;43;44,27.146728833516438,0.4398710045632702,-1.8800983826319377
DIOR,cloudy,SFYOLO,ema,extended_2epoch,0,3,,,,
DIOR,cloudy,SFYOLO,student,extended_2epoch,0,3,,,,
DIOR,contrast,A,source,common_1epoch,1,1,42,28.16031277179718,,0.0
DIOR,contrast,AASFOD,ema,common_1epoch,0,3,,,,
DIOR,contrast,AASFOD,student,common_1epoch,0,3,,,,
DIOR,contrast,B,ema,common_1epoch,3,3,42;43;44,28.4434974193573,0.11317709510668797,0.28318464756011963
DIOR,contrast,B,student,common_1epoch,3,3,42;43;44,26.29202902317047,0.30003899390766586,-1.868283748626709
DIOR,contrast,B_REG,ema,common_1epoch,3,3,42;43;44,28.30151617527008,0.14704125956223804,0.1412034034729004
DIOR,contrast,C,ema,common_1epoch,3,3,42;43;44,28.45901648203532,0.02698053762215107,0.29870371023813885
DIOR,contrast,C,student,common_1epoch,3,3,42;43;44,25.66916048526764,0.1826819659488371,-2.491152286529541
DIOR,contrast,D,ema,common_1epoch,3,3,42;43;44,27.936466534932453,0.20071060748803343,-0.22384623686472574
DIOR,contrast,D,student,common_1epoch,3,3,42;43;44,19.949902594089508,1.1355744145686273,-8.210410177707672
DIOR,contrast,E,ema,common_1epoch,3,3,42;43;44,28.49405308564504,0.030014652064205158,0.3337403138478597
DIOR,contrast,E,student,common_1epoch,3,3,42;43;44,25.826446215311687,0.7502031508816885,-2.333866556485494
DIOR,contrast,F,ema,common_1epoch,3,3,42;43;44,28.044195969899494,0.1831004013472844,-0.11611680189768474
DIOR,contrast,F,student,common_1epoch,3,3,42;43;44,19.80208456516266,0.5181406036317108,-8.358228206634521
DIOR,contrast,F_text_only,ema,common_1epoch,3,3,42;43;44,27.996676166852314,0.16159249464138492,-0.1636366049448649
DIOR,contrast,F_veto_only,ema,common_1epoch,3,3,42;43;44,28.49121888478597,0.011009491122341881,0.33090611298878986
DIOR,contrast,IRG,ema,common_1epoch,3,3,42;43;44,28.424392143885296,0.07705186982994963,0.26407937208811444
DIOR,contrast,IRG,student,common_1epoch,3,3,42;43;44,26.50485336780548,0.27405892673916166,-1.6554594039916992
DIOR,contrast,LPLD,ema,common_1epoch,3,3,42;43;44,28.53620449701945,0.14106807411334193,0.3758917252222697
DIOR,contrast,LPLD,student,common_1epoch,3,3,42;43;44,26.668221751848858,0.4729904729843648,-1.4920910199483235
DIOR,contrast,LoRA-CGA,ema,supervised_lora_oracle,0,3,,,,
DIOR,contrast,LoRA-CGA+VLST,ema,supervised_lora_oracle,0,3,,,,
DIOR,contrast,SFUT,ema,common_1epoch,3,3,42;43;44,28.278634945551556,0.007953480141955285,0.11832217375437419
DIOR,contrast,SFUT,student,common_1epoch,3,3,42;43;44,26.077620188395183,0.17805052979312486,-2.082692583401998
DIOR,contrast,SFYOLO,ema,extended_2epoch,0,3,,,,
DIOR,contrast,SFYOLO,student,extended_2epoch,0,3,,,,
RSAR,am_noise_horizontal,A,source,common_1epoch,1,1,42,20.62060832977295,,0.0
RSAR,am_noise_horizontal,AASFOD,ema,common_1epoch,0,3,,,,
RSAR,am_noise_horizontal,AASFOD,student,common_1epoch,0,3,,,,
RSAR,am_noise_horizontal,B,ema,common_1epoch,3,3,42;43;44,22.483670711517334,0.24171922014742872,1.8630623817443848
RSAR,am_noise_horizontal,B,student,common_1epoch,3,3,42;43;44,11.20824490984281,0.9194991962177052,-9.41236341993014
RSAR,am_noise_horizontal,B_REG,ema,common_1epoch,0,3,,,,
RSAR,am_noise_horizontal,C,ema,common_1epoch,3,3,42;43;44,21.612394352753956,1.1364114436974055,0.9917860229810079
RSAR,am_noise_horizontal,C,student,common_1epoch,3,3,42;43;44,12.251683821280798,2.314460914527119,-8.368924508492151
RSAR,am_noise_horizontal,D,ema,common_1epoch,3,3,42;43;44,17.19217797120412,1.7426945311626578,-3.428430358568827
RSAR,am_noise_horizontal,D,student,common_1epoch,3,3,42;43;44,6.208637108405431,2.5580440162093603,-14.411971221367518
RSAR,am_noise_horizontal,E,ema,common_1epoch,3,3,42;43;44,23.286994298299152,0.2331284702067822,2.6663859685262046
RSAR,am_noise_horizontal,E,student,common_1epoch,3,3,42;43;44,11.746873458226522,1.5637531336892596,-8.873734871546427
RSAR,am_noise_horizontal,F,ema,common_1epoch,3,3,42;43;44,15.044608215490976,1.3075408020417374,-5.576000114281972
RSAR,am_noise_horizontal,F,student,common_1epoch,3,3,42;43;44,5.151744931936264,0.4596100542753574,-15.468863397836685
RSAR,am_noise_horizontal,F_text_only,ema,common_1epoch,1,3,42,15.229600667953491,,-5.391007661819458
RSAR,am_noise_horizontal,F_veto_only,ema,common_1epoch,2,3,42;44,24.329233169555664,0.534150191945241,3.708624839782715
RSAR,am_noise_horizontal,IRG,ema,common_1epoch,3,3,42;43;44,22.062731782595318,0.3605901755935192,1.4421234528223674
RSAR,am_noise_horizontal,IRG,student,common_1epoch,3,3,42;43;44,6.78157073756059,1.0078592497040375,-13.839037592212359
RSAR,am_noise_horizontal,LPLD,ema,common_1epoch,3,3,42;43;44,19.508756697177887,0.5348885297019673,-1.1118516325950623
RSAR,am_noise_horizontal,LPLD,student,common_1epoch,3,3,42;43;44,5.405246838927269,1.9213628811699301,-15.21536149084568
RSAR,am_noise_horizontal,LoRA-CGA,ema,supervised_lora_oracle,0,3,,,,
RSAR,am_noise_horizontal,LoRA-CGA+VLST,ema,supervised_lora_oracle,0,3,,,,
RSAR,am_noise_horizontal,SFUT,ema,common_1epoch,3,3,42;43;44,22.068267067273457,0.19772278408214758,1.4476587375005086
RSAR,am_noise_horizontal,SFUT,student,common_1epoch,3,3,42;43;44,7.540367543697357,0.7436426763051349,-13.080240786075592
RSAR,am_noise_horizontal,SFYOLO,ema,extended_2epoch,0,3,,,,
RSAR,am_noise_horizontal,SFYOLO,student,extended_2epoch,0,3,,,,
RSAR,am_noise_vertical,A,source,common_1epoch,1,1,42,19.074364006519318,,0.0
RSAR,am_noise_vertical,AASFOD,ema,common_1epoch,0,3,,,,
RSAR,am_noise_vertical,AASFOD,student,common_1epoch,0,3,,,,
RSAR,am_noise_vertical,B,ema,common_1epoch,3,3,42;43;44,23.450805246829987,0.21050753035318154,4.376441240310669
RSAR,am_noise_vertical,B,student,common_1epoch,3,3,42;43;44,11.529842764139175,2.1166981430298724,-7.544521242380142
RSAR,am_noise_vertical,B_REG,ema,common_1epoch,0,3,,,,
RSAR,am_noise_vertical,C,ema,common_1epoch,3,3,42;43;44,23.09349775314331,0.7782944456821218,4.019133746623993
RSAR,am_noise_vertical,C,student,common_1epoch,3,3,42;43;44,12.853149076302847,1.0919141059361086,-6.221214930216472
RSAR,am_noise_vertical,D,ema,common_1epoch,3,3,42;43;44,17.249025404453278,0.4633683765186513,-1.82533860206604
RSAR,am_noise_vertical,D,student,common_1epoch,3,3,42;43;44,4.93504839638869,1.2658230927944891,-14.139315610130629
RSAR,am_noise_vertical,E,ema,common_1epoch,3,3,42;43;44,24.80520009994507,0.4533397156069783,5.730836093425751
RSAR,am_noise_vertical,E,student,common_1epoch,3,3,42;43;44,13.025209059317907,3.0223234687634664,-6.049154947201411
RSAR,am_noise_vertical,F,ema,common_1epoch,3,3,42;43;44,16.160353024800617,1.8759983478374884,-2.914010981718699
RSAR,am_noise_vertical,F,student,common_1epoch,3,3,42;43;44,5.398775512973468,1.7862090475287178,-13.67558849354585
RSAR,am_noise_vertical,F_text_only,ema,common_1epoch,3,3,42;43;44,15.941780308882395,0.8296901155719112,-3.1325836976369223
RSAR,am_noise_vertical,F_veto_only,ema,common_1epoch,3,3,42;43;44,24.424031873544056,0.2998614703692136,5.349667867024739
RSAR,am_noise_vertical,IRG,ema,common_1epoch,3,3,42;43;44,24.656572937965393,0.6710719447439595,5.582208931446075
RSAR,am_noise_vertical,IRG,student,common_1epoch,3,3,42;43;44,8.179652194182077,0.40468437895023607,-10.89471181233724
RSAR,am_noise_vertical,LPLD,ema,common_1epoch,3,3,42;43;44,20.5753689010938,2.70973841685779,1.5010048945744832
RSAR,am_noise_vertical,LPLD,student,common_1epoch,3,3,42;43;44,5.190490807096164,0.7893394320135847,-13.883873199423155
RSAR,am_noise_vertical,LoRA-CGA,ema,supervised_lora_oracle,0,3,,,,
RSAR,am_noise_vertical,LoRA-CGA+VLST,ema,supervised_lora_oracle,0,3,,,,
RSAR,am_noise_vertical,SFUT,ema,common_1epoch,3,3,42;43;44,22.676911453406017,0.6196681599616815,3.6025474468866983
RSAR,am_noise_vertical,SFUT,student,common_1epoch,3,3,42;43;44,8.457965155442556,1.523857873427651,-10.616398851076761
RSAR,am_noise_vertical,SFYOLO,ema,extended_2epoch,0,3,,,,
RSAR,am_noise_vertical,SFYOLO,student,extended_2epoch,0,3,,,,
RSAR,chaff,A,source,common_1epoch,1,1,42,47.19308912754059,,0.0
RSAR,chaff,AASFOD,ema,common_1epoch,2,3,43;44,15.118879079818726,1.9529774855311266,-32.07421004772186
RSAR,chaff,AASFOD,student,common_1epoch,2,3,43;44,8.88463631272316,0.8037720112391323,-38.30845281481743
RSAR,chaff,B,ema,common_1epoch,3,3,42;43;44,46.493525306383766,0.3116493931063123,-0.6995638211568197
RSAR,chaff,B,student,common_1epoch,3,3,42;43;44,24.193111062049866,1.5877305117911227,-22.999978065490723
RSAR,chaff,B_REG,ema,common_1epoch,0,3,,,,
RSAR,chaff,C,ema,common_1epoch,3,3,42;43;44,46.76922162373861,0.2691660207390707,-0.4238675038019816
RSAR,chaff,C,student,common_1epoch,3,3,42;43;44,29.28632398446401,0.8051090934888975,-17.90676514307658
RSAR,chaff,D,ema,common_1epoch,3,3,42;43;44,46.034982800483704,0.42605883411502193,-1.1581063270568848
RSAR,chaff,D,student,common_1epoch,3,3,42;43;44,28.042206168174744,5.43153993454053,-19.150882959365845
RSAR,chaff,E,ema,common_1epoch,3,3,42;43;44,46.538240710894264,0.21513993604632015,-0.6548484166463217
RSAR,chaff,E,student,common_1epoch,3,3,42;43;44,22.39817629257838,0.8493657134763921,-24.794912834962208
RSAR,chaff,F,ema,common_1epoch,3,3,42;43;44,44.838289419809975,0.1961254434308016,-2.3547997077306113
RSAR,chaff,F,student,common_1epoch,3,3,42;43;44,22.165006895860035,4.971736642954455,-25.028082231680553
RSAR,chaff,F_text_only,ema,common_1epoch,3,3,42;43;44,44.95209753513336,0.2388190271932329,-2.2409915924072266
RSAR,chaff,F_veto_only,ema,common_1epoch,3,3,42;43;44,46.56147658824921,0.14457544737977393,-0.6316125392913818
RSAR,chaff,IRG,ema,common_1epoch,3,3,42;43;44,49.04083808263143,0.8086197746172764,1.8477489550908406
RSAR,chaff,IRG,student,common_1epoch,3,3,42;43;44,19.3618506193161,2.404025963617486,-27.831238508224487
RSAR,chaff,LPLD,ema,common_1epoch,3,3,42;43;44,47.9141891002655,0.20738229184658202,0.7210999727249146
RSAR,chaff,LPLD,student,common_1epoch,3,3,42;43;44,21.538741886615753,2.46278350983471,-25.654347240924835
RSAR,chaff,LoRA-CGA,ema,supervised_lora_oracle,0,3,,,,
RSAR,chaff,LoRA-CGA+VLST,ema,supervised_lora_oracle,0,3,,,,
RSAR,chaff,SFUT,ema,common_1epoch,3,3,42;43;44,48.426905274391174,0.16732954861131655,1.233816146850586
RSAR,chaff,SFUT,student,common_1epoch,3,3,42;43;44,21.846558153629303,2.9738143969343547,-25.346530973911285
RSAR,chaff,SFYOLO,ema,extended_2epoch,0,3,,,,
RSAR,chaff,SFYOLO,student,extended_2epoch,0,3,,,,
RSAR,clean,A,source,common_1epoch,1,1,42,53.139978647232056,,0.0
RSAR,clean,AASFOD,ema,common_1epoch,3,3,42;43;44,15.744317571322123,2.0902126541996906,-37.395661075909935
RSAR,clean,AASFOD,student,common_1epoch,3,3,42;43;44,10.813339551289877,2.128074298662155,-42.32663909594218
RSAR,clean,B,ema,common_1epoch,3,3,42;43;44,52.44467258453369,0.43453705689492983,-0.6953060626983643
RSAR,clean,B,student,common_1epoch,3,3,42;43;44,28.337706128756206,1.71970085018207,-24.80227251847585
RSAR,clean,B_REG,ema,common_1epoch,0,3,,,,
RSAR,clean,C,ema,common_1epoch,3,3,42;43;44,52.12430556615194,0.9556020838793654,-1.015673081080119
RSAR,clean,C,student,common_1epoch,3,3,42;43;44,32.67151812712351,1.0543086435173235,-20.46846052010854
RSAR,clean,D,ema,common_1epoch,3,3,42;43;44,51.03671153386434,0.07441262673052051,-2.1032671133677163
RSAR,clean,D,student,common_1epoch,3,3,42;43;44,33.46146643161774,4.22382743191237,-19.67851221561432
RSAR,clean,E,ema,common_1epoch,3,3,42;43;44,52.70611643791199,0.15745292389532412,-0.43386220932006836
RSAR,clean,E,student,common_1epoch,3,3,42;43;44,24.59830790758133,1.0188319862609492,-28.541670739650726
RSAR,clean,F,ema,common_1epoch,3,3,42;43;44,51.466659704844155,0.3659058289509386,-1.6733189423878987
RSAR,clean,F,student,common_1epoch,3,3,42;43;44,25.912936528523762,2.4923561059953365,-27.227042118708294
RSAR,clean,F_text_only,ema,common_1epoch,2,3,43;44,51.32182240486145,0.23733733333454649,-1.8181562423706055
RSAR,clean,F_veto_only,ema,common_1epoch,1,3,44,52.73129940032959,,-0.4086792469024658
RSAR,clean,IRG,ema,common_1epoch,3,3,42;43;44,54.8036793867747,0.23856795201441997,1.6637007395426433
RSAR,clean,IRG,student,common_1epoch,3,3,42;43;44,23.022570212682087,3.7241143265047723,-30.11740843454997
RSAR,clean,LPLD,ema,common_1epoch,3,3,42;43;44,53.39462558428446,0.3143614988903384,0.2546469370524089
RSAR,clean,LPLD,student,common_1epoch,3,3,42;43;44,23.308930297692616,2.404505035208471,-29.83104834953944
RSAR,clean,LoRA-CGA,ema,supervised_lora_oracle,0,3,,,,
RSAR,clean,LoRA-CGA+VLST,ema,supervised_lora_oracle,0,3,,,,
RSAR,clean,SFUT,ema,common_1epoch,3,3,42;43;44,54.641433556874595,0.2021570214467525,1.5014549096425374
RSAR,clean,SFUT,student,common_1epoch,3,3,42;43;44,25.46928972005844,1.1260868299002291,-27.670688927173615
RSAR,clean,SFYOLO,ema,extended_2epoch,0,3,,,,
RSAR,clean,SFYOLO,student,extended_2epoch,0,3,,,,
RSAR,gaussian_white_noise,A,source,common_1epoch,1,1,42,52.81371474266052,,0.0
RSAR,gaussian_white_noise,AASFOD,ema,common_1epoch,3,3,42;43;44,14.84138568242391,1.7645424509591308,-37.97232906023661
RSAR,gaussian_white_noise,AASFOD,student,common_1epoch,3,3,42;43;44,11.486328889926275,2.4530997198666626,-41.327385852734245
RSAR,gaussian_white_noise,B,ema,common_1epoch,3,3,42;43;44,52.051788568496704,0.8012079973481141,-0.7619261741638184
RSAR,gaussian_white_noise,B,student,common_1epoch,3,3,42;43;44,27.815342942873638,1.672841903658101,-24.998371799786884
RSAR,gaussian_white_noise,B_REG,ema,common_1epoch,0,3,,,,
RSAR,gaussian_white_noise,C,ema,common_1epoch,3,3,42;43;44,52.027072509129844,0.30318721547032274,-0.7866422335306803
RSAR,gaussian_white_noise,C,student,common_1epoch,3,3,42;43;44,31.703293323516846,0.29278490876896485,-21.110421419143677
RSAR,gaussian_white_noise,D,ema,common_1epoch,3,3,42;43;44,51.30290389060974,0.4285372066036395,-1.5108108520507812
RSAR,gaussian_white_noise,D,student,common_1epoch,3,3,42;43;44,32.132490475972496,5.811101803021696,-20.68122426668803
RSAR,gaussian_white_noise,E,ema,common_1epoch,3,3,42;43;44,51.95051630338033,0.3911711096744742,-0.863198439280192
RSAR,gaussian_white_noise,E,student,common_1epoch,3,3,42;43;44,24.726281066735584,2.1623927403292593,-28.087433675924938
RSAR,gaussian_white_noise,F,ema,common_1epoch,3,3,42;43;44,51.73177123069763,0.3433015596616318,-1.0819435119628906
RSAR,gaussian_white_noise,F,student,common_1epoch,3,3,42;43;44,26.759104430675507,1.9496806090748369,-26.054610311985016
RSAR,gaussian_white_noise,F_text_only,ema,common_1epoch,2,3,42;43,51.05384886264801,0.6897795374141428,-1.7598658800125122
RSAR,gaussian_white_noise,F_veto_only,ema,common_1epoch,2,3,43;44,51.98337137699127,0.3603850575621016,-0.8303433656692505
RSAR,gaussian_white_noise,IRG,ema,common_1epoch,3,3,42;43;44,54.74088986714681,0.3555645905512538,1.9271751244862874
RSAR,gaussian_white_noise,IRG,student,common_1epoch,3,3,42;43;44,23.762327432632446,2.6491434937909406,-29.051387310028076
RSAR,gaussian_white_noise,LPLD,ema,common_1epoch,3,3,42;43;44,53.35723161697388,0.3514468586493578,0.5435168743133545
RSAR,gaussian_white_noise,LPLD,student,common_1epoch,3,3,42;43;44,22.074033816655476,1.4374839300167228,-30.739680926005047
RSAR,gaussian_white_noise,LoRA-CGA,ema,supervised_lora_oracle,0,3,,,,
RSAR,gaussian_white_noise,LoRA-CGA+VLST,ema,supervised_lora_oracle,0,3,,,,
RSAR,gaussian_white_noise,SFUT,ema,common_1epoch,3,3,42;43;44,53.90218695004781,0.3619840220794947,1.0884722073872883
RSAR,gaussian_white_noise,SFUT,student,common_1epoch,3,3,42;43;44,25.955512126286823,1.803849058583566,-26.8582026163737
RSAR,gaussian_white_noise,SFYOLO,ema,extended_2epoch,0,3,,,,
RSAR,gaussian_white_noise,SFYOLO,student,extended_2epoch,0,3,,,,
RSAR,noise_suppression,A,source,common_1epoch,1,1,42,16.340675950050354,,0.0
RSAR,noise_suppression,AASFOD,ema,common_1epoch,0,3,,,,
RSAR,noise_suppression,AASFOD,student,common_1epoch,0,3,,,,
RSAR,noise_suppression,B,ema,common_1epoch,3,3,42;43;44,17.610664665699005,0.5839225849045507,1.2699887156486511
RSAR,noise_suppression,B,student,common_1epoch,3,3,42;43;44,13.888689130544662,1.8075009759191925,-2.4519868195056915
RSAR,noise_suppression,B_REG,ema,common_1epoch,0,3,,,,
RSAR,noise_suppression,C,ema,common_1epoch,3,3,42;43;44,18.32217276096344,0.2526015883568408,1.981496810913086
RSAR,noise_suppression,C,student,common_1epoch,3,3,42;43;44,18.236590921878815,0.7037538558819517,1.8959149718284607
RSAR,noise_suppression,D,ema,common_1epoch,3,3,42;43;44,17.237878839174908,0.7057457386103954,0.8972028891245524
RSAR,noise_suppression,D,student,common_1epoch,3,3,42;43;44,9.881805628538132,1.2175925808706185,-6.458870321512222
RSAR,noise_suppression,E,ema,common_1epoch,3,3,42;43;44,17.71717518568039,0.734233607232017,1.3764992356300354
RSAR,noise_suppression,E,student,common_1epoch,3,3,42;43;44,13.523325324058533,1.2225805096717,-2.8173506259918213
RSAR,noise_suppression,F,ema,common_1epoch,3,3,42;43;44,15.321034689744314,1.0857643735401792,-1.0196412603060405
RSAR,noise_suppression,F,student,common_1epoch,3,3,42;43;44,10.4974331955115,2.901891614923824,-5.843242754538854
RSAR,noise_suppression,F_text_only,ema,common_1epoch,2,3,43;44,15.41430652141571,0.7078689647950185,-0.9263694286346436
RSAR,noise_suppression,F_veto_only,ema,common_1epoch,3,3,42;43;44,17.486247917016346,0.6156765193970392,1.1455719669659932
RSAR,noise_suppression,IRG,ema,common_1epoch,2,3,42;43,19.259918481111526,0.6051539339603315,2.9192425310611725
RSAR,noise_suppression,IRG,student,common_1epoch,2,3,42;43,17.03013926744461,2.359597635909679,0.6894633173942566
RSAR,noise_suppression,LPLD,ema,common_1epoch,2,3,42;43,18.61385703086853,0.08400077642463735,2.2731810808181763
RSAR,noise_suppression,LPLD,student,common_1epoch,2,3,42;43,13.231570646166801,1.156480547180581,-3.1091053038835526
RSAR,noise_suppression,LoRA-CGA,ema,supervised_lora_oracle,0,3,,,,
RSAR,noise_suppression,LoRA-CGA+VLST,ema,supervised_lora_oracle,0,3,,,,
RSAR,noise_suppression,SFUT,ema,common_1epoch,2,3,42;43,17.510703951120377,0.07478009964166651,1.1700280010700226
RSAR,noise_suppression,SFUT,student,common_1epoch,2,3,42;43,13.35737630724907,0.6455664396550022,-2.983299642801285
RSAR,noise_suppression,SFYOLO,ema,extended_2epoch,0,3,,,,
RSAR,noise_suppression,SFYOLO,student,extended_2epoch,0,3,,,,
RSAR,point_target,A,source,common_1epoch,1,1,42,51.58401131629944,,0.0
RSAR,point_target,AASFOD,ema,common_1epoch,1,3,42,20.234106481075287,,-31.34990483522415
RSAR,point_target,AASFOD,student,common_1epoch,1,3,42,11.587177962064743,,-39.996833354234695
RSAR,point_target,B,ema,common_1epoch,3,3,42;43;44,49.905627965927124,0.5245686378257125,-1.6783833503723145
RSAR,point_target,B,student,common_1epoch,3,3,42;43;44,27.330492933591206,0.44298999831178115,-24.253518382708233
RSAR,point_target,B_REG,ema,common_1epoch,0,3,,,,
RSAR,point_target,C,ema,common_1epoch,3,3,42;43;44,50.750142335891724,1.294711773673032,-0.8338689804077148
RSAR,point_target,C,student,common_1epoch,3,3,42;43;44,31.969446937243145,1.1947206950569154,-19.614564379056294
RSAR,point_target,D,ema,common_1epoch,3,3,42;43;44,50.04348953564962,0.2917117045515422,-1.540521780649821
RSAR,point_target,D,student,common_1epoch,3,3,42;43;44,31.12890124320984,3.82729503201654,-20.4551100730896
RSAR,point_target,E,ema,common_1epoch,3,3,42;43;44,50.654045740763344,0.3958816563861181,-0.9299655755360922
RSAR,point_target,E,student,common_1epoch,3,3,42;43;44,24.904657900333405,2.956960197537819,-26.679353415966034
RSAR,point_target,F,ema,common_1epoch,3,3,42;43;44,50.47443509101868,0.358036437500533,-1.1095762252807617
RSAR,point_target,F,student,common_1epoch,3,3,42;43;44,27.33874022960663,0.9618431234985002,-24.24527108669281
RSAR,point_target,F_text_only,ema,common_1epoch,3,3,42;43;44,49.844188491503395,0.7342730714693383,-1.7398228247960408
RSAR,point_target,F_veto_only,ema,common_1epoch,3,3,42;43;44,50.523229440053306,0.42829749634898984,-1.0607818762461345
RSAR,point_target,IRG,ema,common_1epoch,2,3,42;43,52.62284576892853,0.013322618814293603,1.0388344526290894
RSAR,point_target,IRG,student,common_1epoch,2,3,42;43,22.82150685787201,1.8190537670453353,-28.76250445842743
RSAR,point_target,LPLD,ema,common_1epoch,2,3,42;43,51.81949436664581,0.6312544235719154,0.2354830503463745
RSAR,point_target,LPLD,student,common_1epoch,2,3,42;43,23.75793308019638,0.7141024836897798,-27.826078236103058
RSAR,point_target,LoRA-CGA,ema,supervised_lora_oracle,0,3,,,,
RSAR,point_target,LoRA-CGA+VLST,ema,supervised_lora_oracle,0,3,,,,
RSAR,point_target,SFUT,ema,common_1epoch,3,3,42;43;44,52.272470792134605,0.13402668632892156,0.6884594758351644
RSAR,point_target,SFUT,student,common_1epoch,3,3,42;43;44,25.2520094315211,0.7987905834682889,-26.33200188477834
RSAR,point_target,SFYOLO,ema,extended_2epoch,0,3,,,,
RSAR,point_target,SFYOLO,student,extended_2epoch,0,3,,,,
RSAR,smart_suppression,A,source,common_1epoch,1,1,42,14.372646808624268,,0.0
RSAR,smart_suppression,AASFOD,ema,common_1epoch,0,3,,,,
RSAR,smart_suppression,AASFOD,student,common_1epoch,0,3,,,,
RSAR,smart_suppression,B,ema,common_1epoch,3,3,42;43;44,14.78535532951355,0.4157698532920389,0.4127085208892822
RSAR,smart_suppression,B,student,common_1epoch,3,3,42;43;44,12.73532584309578,2.059405183235013,-1.6373209655284882
RSAR,smart_suppression,B_REG,ema,common_1epoch,0,3,,,,
RSAR,smart_suppression,C,ema,common_1epoch,3,3,42;43;44,19.01048719882965,0.7952298954426268,4.637840390205383
RSAR,smart_suppression,C,student,common_1epoch,3,3,42;43;44,18.147554000218708,1.0774537386139702,3.774907191594442
RSAR,smart_suppression,D,ema,common_1epoch,3,3,42;43;44,14.799302816390991,0.8048050266237867,0.42665600776672363
RSAR,smart_suppression,D,student,common_1epoch,3,3,42;43;44,10.06890262166659,1.7299255615974731,-4.303744186957677
RSAR,smart_suppression,E,ema,common_1epoch,3,3,42;43;44,15.845460196336111,0.36230357295499954,1.4728133877118428
RSAR,smart_suppression,E,student,common_1epoch,3,3,42;43;44,10.411985218524933,0.41877219066482224,-3.9606615900993347
RSAR,smart_suppression,F,ema,common_1epoch,3,3,42;43;44,13.304228335618973,1.6340996542775368,-1.0684184730052948
RSAR,smart_suppression,F,student,common_1epoch,3,3,42;43;44,7.906778156757355,3.5954630924931923,-6.465868651866913
RSAR,smart_suppression,F_text_only,ema,common_1epoch,3,3,42;43;44,13.737606008847555,0.738176351091683,-0.635040799776713
RSAR,smart_suppression,F_veto_only,ema,common_1epoch,3,3,42;43;44,15.365925431251526,0.14970738933945849,0.9932786226272583
RSAR,smart_suppression,IRG,ema,common_1epoch,3,3,42;43;44,15.951270361741384,0.7603521410842344,1.5786235531171162
RSAR,smart_suppression,IRG,student,common_1epoch,3,3,42;43;44,11.867277572552362,0.5016456831172872,-2.5053692360719046
RSAR,smart_suppression,LPLD,ema,common_1epoch,3,3,42;43;44,13.723042358954748,1.9921819175712243,-0.64960444966952
RSAR,smart_suppression,LPLD,student,common_1epoch,3,3,42;43;44,8.17404401799043,2.8611539081187676,-6.198602790633838
RSAR,smart_suppression,LoRA-CGA,ema,supervised_lora_oracle,0,3,,,,
RSAR,smart_suppression,LoRA-CGA+VLST,ema,supervised_lora_oracle,0,3,,,,
RSAR,smart_suppression,SFUT,ema,common_1epoch,3,3,42;43;44,14.739995698134104,0.1415669292891277,0.36734888950983685
RSAR,smart_suppression,SFUT,student,common_1epoch,3,3,42;43;44,12.192684412002563,1.052602306906923,-2.179962396621704
RSAR,smart_suppression,SFYOLO,ema,extended_2epoch,0,3,,,,
RSAR,smart_suppression,SFYOLO,student,extended_2epoch,0,3,,,,
