dataset,domain,method,seed,role,status,source_clean_TEST,source_corruption_mAP50,source_degradation,delta_A,recovery_ratio,interpretation,comparison_group
RSAR,chaff,A,42,source,complete,0.5313997864723206,0.4719308912754059,0.05946889519691467,0.0,0.0,descriptive_only_unstable_near_zero_gap,fixed_source
RSAR,chaff,IRG,42,ema,complete,0.5313997864723206,0.4719308912754059,0.05946889519691467,0.009695589542388916,0.16303631520788597,descriptive_only_unstable_near_zero_gap,common_one_epoch
RSAR,chaff,IRG,43,ema,complete,0.5313997864723206,0.4719308912754059,0.05946889519691467,0.025615304708480835,0.43073449781878226,descriptive_only_unstable_near_zero_gap,common_one_epoch
RSAR,chaff,IRG,44,ema,complete,0.5313997864723206,0.4719308912754059,0.05946889519691467,0.02012157440185547,0.33835460260743844,descriptive_only_unstable_near_zero_gap,common_one_epoch
RSAR,chaff,LPLD,42,ema,complete,0.5313997864723206,0.4719308912754059,0.05946889519691467,0.005566656589508057,0.09360618809338268,descriptive_only_unstable_near_zero_gap,common_one_epoch
RSAR,chaff,LPLD,43,ema,complete,0.5313997864723206,0.4719308912754059,0.05946889519691467,0.009540766477584839,0.16043288589763186,descriptive_only_unstable_near_zero_gap,common_one_epoch
RSAR,chaff,LPLD,44,ema,complete,0.5313997864723206,0.4719308912754059,0.05946889519691467,0.006525576114654541,0.10973091215242715,descriptive_only_unstable_near_zero_gap,common_one_epoch
RSAR,chaff,SFUT,42,ema,complete,0.5313997864723206,0.4719308912754059,0.05946889519691467,0.01052016019821167,0.17690189406373014,descriptive_only_unstable_near_zero_gap,common_one_epoch
RSAR,chaff,SFUT,43,ema,complete,0.5313997864723206,0.4719308912754059,0.05946889519691467,0.012680530548095703,0.213229630483426,descriptive_only_unstable_near_zero_gap,common_one_epoch
RSAR,chaff,SFUT,44,ema,complete,0.5313997864723206,0.4719308912754059,0.05946889519691467,0.013813793659210205,0.23228603143659685,descriptive_only_unstable_near_zero_gap,common_one_epoch
RSAR,gaussian_white_noise,A,42,source,complete,0.5313997864723206,0.5281371474266052,0.003262639045715332,0.0,0.0,descriptive_only_unstable_near_zero_gap,fixed_source
RSAR,gaussian_white_noise,IRG,42,ema,complete,0.5313997864723206,0.5281371474266052,0.003262639045715332,0.01909494400024414,5.852606964083452,descriptive_only_unstable_near_zero_gap,common_one_epoch
RSAR,gaussian_white_noise,IRG,43,ema,complete,0.5313997864723206,0.5281371474266052,0.003262639045715332,0.02291250228881836,7.022689904636633,descriptive_only_unstable_near_zero_gap,common_one_epoch
RSAR,gaussian_white_noise,IRG,44,ema,complete,0.5313997864723206,0.5281371474266052,0.003262639045715332,0.015807807445526123,4.845098469070846,descriptive_only_unstable_near_zero_gap,common_one_epoch
RSAR,gaussian_white_noise,LPLD,42,ema,complete,0.5313997864723206,0.5281371474266052,0.003262639045715332,0.008822977542877197,2.70424567941832,descriptive_only_unstable_near_zero_gap,common_one_epoch
RSAR,gaussian_white_noise,LPLD,43,ema,complete,0.5313997864723206,0.5281371474266052,0.003262639045715332,0.005676090717315674,1.739723775073989,descriptive_only_unstable_near_zero_gap,common_one_epoch
RSAR,gaussian_white_noise,LPLD,44,ema,complete,0.5313997864723206,0.5281371474266052,0.003262639045715332,0.0018064379692077637,0.553673864591326,descriptive_only_unstable_near_zero_gap,common_one_epoch
RSAR,gaussian_white_noise,SFUT,42,ema,complete,0.5313997864723206,0.5281371474266052,0.003262639045715332,0.013762116432189941,4.218093463407505,descriptive_only_unstable_near_zero_gap,common_one_epoch
RSAR,gaussian_white_noise,SFUT,43,ema,complete,0.5313997864723206,0.5281371474266052,0.003262639045715332,0.0068204402923583984,2.090467317037524,descriptive_only_unstable_near_zero_gap,common_one_epoch
RSAR,gaussian_white_noise,SFUT,44,ema,complete,0.5313997864723206,0.5281371474266052,0.003262639045715332,0.012071609497070312,3.6999525010047862,descriptive_only_unstable_near_zero_gap,common_one_epoch
RSAR,point_target,A,42,source,complete,0.5313997864723206,0.5158401131629944,0.015559673309326172,0.0,0.0,descriptive_only_unstable_near_zero_gap,fixed_source
RSAR,point_target,IRG,42,ema,complete,0.5313997864723206,0.5158401131629944,0.015559673309326172,0.010482549667358398,0.6736998559651864,descriptive_only_unstable_near_zero_gap,common_one_epoch
RSAR,point_target,IRG,43,ema,complete,0.5313997864723206,0.5158401131629944,0.015559673309326172,0.010294139385223389,0.6615909717753057,descriptive_only_unstable_near_zero_gap,common_one_epoch
RSAR,point_target,IRG,44,ema,complete,0.5313997864723206,0.5158401131629944,0.015559673309326172,-0.5158401131629944,-33.15237427599522,descriptive_only_unstable_near_zero_gap,common_one_epoch
RSAR,point_target,LPLD,42,ema,complete,0.5313997864723206,0.5158401131629944,0.015559673309326172,-0.0021088123321533203,-0.13553063038215193,descriptive_only_unstable_near_zero_gap,common_one_epoch
RSAR,point_target,LPLD,43,ema,complete,0.5313997864723206,0.5158401131629944,0.015559673309326172,0.0068184733390808105,0.4382144279979161,descriptive_only_unstable_near_zero_gap,common_one_epoch
RSAR,point_target,LPLD,44,ema,complete,0.5313997864723206,0.5158401131629944,0.015559673309326172,-0.5158401131629944,-33.15237427599522,descriptive_only_unstable_near_zero_gap,common_one_epoch
RSAR,point_target,SFUT,42,ema,complete,0.5313997864723206,0.5158401131629944,0.015559673309326172,0.005384624004364014,0.3460627930495541,descriptive_only_unstable_near_zero_gap,common_one_epoch
RSAR,point_target,SFUT,43,ema,complete,0.5313997864723206,0.5158401131629944,0.015559673309326172,0.007964551448822021,0.5118713799760963,descriptive_only_unstable_near_zero_gap,common_one_epoch
RSAR,point_target,SFUT,44,ema,complete,0.5313997864723206,0.5158401131629944,0.015559673309326172,0.0073046088218688965,0.46945772424994636,descriptive_only_unstable_near_zero_gap,common_one_epoch
RSAR,noise_suppression,A,42,source,complete,0.5313997864723206,0.16340675950050354,0.367993026971817,0.0,0.0,descriptive_only_unstable_near_zero_gap,fixed_source
RSAR,noise_suppression,IRG,42,ema,complete,0.5313997864723206,0.16340675950050354,0.367993026971817,0.02491334080696106,0.06770057849185568,descriptive_only_unstable_near_zero_gap,common_one_epoch
RSAR,noise_suppression,IRG,43,ema,complete,0.5313997864723206,0.16340675950050354,0.367993026971817,0.03347150981426239,0.09095691320484131,descriptive_only_unstable_near_zero_gap,common_one_epoch
RSAR,noise_suppression,IRG,44,ema,complete,0.5313997864723206,0.16340675950050354,0.367993026971817,-0.16340675950050354,-0.4440485213678197,descriptive_only_unstable_near_zero_gap,common_one_epoch
RSAR,noise_suppression,LPLD,42,ema,complete,0.5313997864723206,0.16340675950050354,0.367993026971817,0.023325785994529724,0.06338648910408877,descriptive_only_unstable_near_zero_gap,common_one_epoch
RSAR,noise_suppression,LPLD,43,ema,complete,0.5313997864723206,0.16340675950050354,0.367993026971817,0.0221378356218338,0.060158301922197135,descriptive_only_unstable_near_zero_gap,common_one_epoch
RSAR,noise_suppression,LPLD,44,ema,complete,0.5313997864723206,0.16340675950050354,0.367993026971817,-0.16340675950050354,-0.4440485213678197,descriptive_only_unstable_near_zero_gap,common_one_epoch
RSAR,noise_suppression,SFUT,42,ema,complete,0.5313997864723206,0.16340675950050354,0.367993026971817,0.012229055166244507,0.03323175785931693,descriptive_only_unstable_near_zero_gap,common_one_epoch
RSAR,noise_suppression,SFUT,43,ema,complete,0.5313997864723206,0.16340675950050354,0.367993026971817,0.011171504855155945,0.030357925385394658,descriptive_only_unstable_near_zero_gap,common_one_epoch
RSAR,noise_suppression,SFUT,44,ema,complete,0.5313997864723206,0.16340675950050354,0.367993026971817,-0.16340675950050354,-0.4440485213678197,descriptive_only_unstable_near_zero_gap,common_one_epoch
RSAR,am_noise_horizontal,A,42,source,complete,0.5313997864723206,0.2062060832977295,0.32519370317459106,0.0,0.0,descriptive_only_unstable_near_zero_gap,fixed_source
RSAR,am_noise_horizontal,IRG,42,ema,complete,0.5313997864723206,0.2062060832977295,0.32519370317459106,0.01687447726726532,0.05189054124521499,descriptive_only_unstable_near_zero_gap,common_one_epoch
RSAR,am_noise_horizontal,IRG,43,ema,complete,0.5313997864723206,0.2062060832977295,0.32519370317459106,0.010281071066856384,0.031615221840063275,descriptive_only_unstable_near_zero_gap,common_one_epoch
RSAR,am_noise_horizontal,IRG,44,ema,complete,0.5313997864723206,0.2062060832977295,0.32519370317459106,0.016108155250549316,0.04953403185024501,descriptive_only_unstable_near_zero_gap,common_one_epoch
RSAR,am_noise_horizontal,LPLD,42,ema,complete,0.5313997864723206,0.2062060832977295,0.32519370317459106,-0.011438354849815369,-0.03517397396736894,descriptive_only_unstable_near_zero_gap,common_one_epoch
RSAR,am_noise_horizontal,LPLD,43,ema,complete,0.5313997864723206,0.2062060832977295,0.32519370317459106,-0.005616888403892517,-0.017272439008072994,descriptive_only_unstable_near_zero_gap,common_one_epoch
RSAR,am_noise_horizontal,LPLD,44,ema,complete,0.5313997864723206,0.2062060832977295,0.32519370317459106,-0.016300305724143982,-0.050124911906404966,descriptive_only_unstable_near_zero_gap,common_one_epoch
RSAR,am_noise_horizontal,SFUT,42,ema,complete,0.5313997864723206,0.2062060832977295,0.32519370317459106,0.012303516268730164,0.03783442344861337,descriptive_only_unstable_near_zero_gap,common_one_epoch
RSAR,am_noise_horizontal,SFUT,43,ema,complete,0.5313997864723206,0.2062060832977295,0.32519370317459106,0.01616954803466797,0.04972282020475288,descriptive_only_unstable_near_zero_gap,common_one_epoch
RSAR,am_noise_horizontal,SFUT,44,ema,complete,0.5313997864723206,0.2062060832977295,0.32519370317459106,0.014956697821617126,0.04599319628765113,descriptive_only_unstable_near_zero_gap,common_one_epoch
RSAR,smart_suppression,A,42,source,complete,0.5313997864723206,0.14372646808624268,0.3876733183860779,0.0,0.0,descriptive_only_unstable_near_zero_gap,fixed_source
RSAR,smart_suppression,IRG,42,ema,complete,0.5313997864723206,0.14372646808624268,0.3876733183860779,0.02451777458190918,0.0632433892638758,descriptive_only_unstable_near_zero_gap,common_one_epoch
RSAR,smart_suppression,IRG,43,ema,complete,0.5313997864723206,0.14372646808624268,0.3876733183860779,0.012216523289680481,0.031512417053974895,descriptive_only_unstable_near_zero_gap,common_one_epoch
RSAR,smart_suppression,IRG,44,ema,complete,0.5313997864723206,0.14372646808624268,0.3876733183860779,0.010624408721923828,0.027405571180792853,descriptive_only_unstable_near_zero_gap,common_one_epoch
RSAR,smart_suppression,LPLD,42,ema,complete,0.5313997864723206,0.14372646808624268,0.3876733183860779,0.010212704539299011,0.026343583772583327,descriptive_only_unstable_near_zero_gap,common_one_epoch
RSAR,smart_suppression,LPLD,43,ema,complete,0.5313997864723206,0.14372646808624268,0.3876733183860779,-0.028543196618556976,-0.07362693088444959,descriptive_only_unstable_near_zero_gap,common_one_epoch
RSAR,smart_suppression,LPLD,44,ema,complete,0.5313997864723206,0.14372646808624268,0.3876733183860779,-0.0011576414108276367,-0.002986126091026877,descriptive_only_unstable_near_zero_gap,common_one_epoch
RSAR,smart_suppression,SFUT,42,ema,complete,0.5313997864723206,0.14372646808624268,0.3876733183860779,0.0025472491979599,0.006570607460333738,descriptive_only_unstable_near_zero_gap,common_one_epoch
RSAR,smart_suppression,SFUT,43,ema,complete,0.5313997864723206,0.14372646808624268,0.3876733183860779,0.0052626729011535645,0.013575019614614152,descriptive_only_unstable_near_zero_gap,common_one_epoch
RSAR,smart_suppression,SFUT,44,ema,complete,0.5313997864723206,0.14372646808624268,0.3876733183860779,0.0032105445861816406,0.008281572225675611,descriptive_only_unstable_near_zero_gap,common_one_epoch
RSAR,am_noise_vertical,A,42,source,complete,0.5313997864723206,0.19074364006519318,0.3406561464071274,0.0,0.0,descriptive_only_unstable_near_zero_gap,fixed_source
RSAR,am_noise_vertical,IRG,42,ema,complete,0.5313997864723206,0.19074364006519318,0.3406561464071274,0.0614161342382431,0.18028776197345642,descriptive_only_unstable_near_zero_gap,common_one_epoch
RSAR,am_noise_vertical,IRG,43,ema,complete,0.5313997864723206,0.19074364006519318,0.3406561464071274,0.04838138818740845,0.1420241163932693,descriptive_only_unstable_near_zero_gap,common_one_epoch
RSAR,am_noise_vertical,IRG,44,ema,complete,0.5313997864723206,0.19074364006519318,0.3406561464071274,0.05766874551773071,0.16928725967800162,descriptive_only_unstable_near_zero_gap,common_one_epoch
RSAR,am_noise_vertical,LPLD,42,ema,complete,0.5313997864723206,0.19074364006519318,0.3406561464071274,0.033619195222854614,0.09868953071134494,descriptive_only_unstable_near_zero_gap,common_one_epoch
RSAR,am_noise_vertical,LPLD,43,ema,complete,0.5313997864723206,0.19074364006519318,0.3406561464071274,0.02748948335647583,0.08069569167151443,descriptive_only_unstable_near_zero_gap,common_one_epoch
RSAR,am_noise_vertical,LPLD,44,ema,complete,0.5313997864723206,0.19074364006519318,0.3406561464071274,-0.016078531742095947,-0.0471987131647995,descriptive_only_unstable_near_zero_gap,common_one_epoch
RSAR,am_noise_vertical,SFUT,42,ema,complete,0.5313997864723206,0.19074364006519318,0.3406561464071274,0.03161314129829407,0.09280073655419194,descriptive_only_unstable_near_zero_gap,common_one_epoch
RSAR,am_noise_vertical,SFUT,43,ema,complete,0.5313997864723206,0.19074364006519318,0.3406561464071274,0.03335338830947876,0.09790925148791305,descriptive_only_unstable_near_zero_gap,common_one_epoch
RSAR,am_noise_vertical,SFUT,44,ema,complete,0.5313997864723206,0.19074364006519318,0.3406561464071274,0.043109893798828125,0.12654958454002566,descriptive_only_unstable_near_zero_gap,common_one_epoch
DIOR,brightness,A,42,source,complete,0.2948998510837555,0.2416841983795166,0.05321565270423889,0.0,0.0,descriptive_only_unstable_near_zero_gap,fixed_source
DIOR,brightness,IRG,42,ema,complete,0.2948998510837555,0.2416841983795166,0.05321565270423889,0.002838417887687683,0.053338026378498014,descriptive_only_unstable_near_zero_gap,common_one_epoch
DIOR,brightness,IRG,43,ema,complete,0.2948998510837555,0.2416841983795166,0.05321565270423889,0.0015070140361785889,0.028318999384527848,descriptive_only_unstable_near_zero_gap,common_one_epoch
DIOR,brightness,IRG,44,ema,complete,0.2948998510837555,0.2416841983795166,0.05321565270423889,0.003276735544204712,0.06157465666006392,descriptive_only_unstable_near_zero_gap,common_one_epoch
DIOR,brightness,LPLD,42,ema,complete,0.2948998510837555,0.2416841983795166,0.05321565270423889,0.005803018808364868,0.10904721662659657,descriptive_only_unstable_near_zero_gap,common_one_epoch
DIOR,brightness,LPLD,43,ema,complete,0.2948998510837555,0.2416841983795166,0.05321565270423889,0.006576895713806152,0.12358949631528751,descriptive_only_unstable_near_zero_gap,common_one_epoch
DIOR,brightness,LPLD,44,ema,complete,0.2948998510837555,0.2416841983795166,0.05321565270423889,0.006048351526260376,0.11365737746139859,descriptive_only_unstable_near_zero_gap,common_one_epoch
DIOR,brightness,SFUT,42,ema,complete,0.2948998510837555,0.2416841983795166,0.05321565270423889,0.00012962520122528076,0.00243584724866027,descriptive_only_unstable_near_zero_gap,common_one_epoch
DIOR,brightness,SFUT,43,ema,complete,0.2948998510837555,0.2416841983795166,0.05321565270423889,0.0002631843090057373,0.0049456183591030795,descriptive_only_unstable_near_zero_gap,common_one_epoch
DIOR,brightness,SFUT,44,ema,complete,0.2948998510837555,0.2416841983795166,0.05321565270423889,0.0005815327167510986,0.010927850870929498,descriptive_only_unstable_near_zero_gap,common_one_epoch
DIOR,cloudy,A,42,source,complete,0.2948998510837555,0.29026827216148376,0.0046315789222717285,0.0,0.0,descriptive_only_unstable_near_zero_gap,fixed_source
DIOR,cloudy,IRG,42,ema,complete,0.2948998510837555,0.29026827216148376,0.0046315789222717285,0.0031908154487609863,0.688926066533685,descriptive_only_unstable_near_zero_gap,common_one_epoch
DIOR,cloudy,IRG,43,ema,complete,0.2948998510837555,0.29026827216148376,0.0046315789222717285,0.0011725127696990967,0.25315616755678527,descriptive_only_unstable_near_zero_gap,common_one_epoch
DIOR,cloudy,IRG,44,ema,complete,0.2948998510837555,0.29026827216148376,0.0046315789222717285,0.0047317445278167725,1.0216266649507755,descriptive_only_unstable_near_zero_gap,common_one_epoch
DIOR,cloudy,LPLD,42,ema,complete,0.2948998510837555,0.29026827216148376,0.0046315789222717285,0.0010927915573120117,0.2359436329708513,descriptive_only_unstable_near_zero_gap,common_one_epoch
DIOR,cloudy,LPLD,43,ema,complete,0.2948998510837555,0.29026827216148376,0.0046315789222717285,0.005615442991256714,1.2124251978637153,descriptive_only_unstable_near_zero_gap,common_one_epoch
DIOR,cloudy,LPLD,44,ema,complete,0.2948998510837555,0.29026827216148376,0.0046315789222717285,0.0021309852600097656,0.460099092722476,descriptive_only_unstable_near_zero_gap,common_one_epoch
DIOR,cloudy,SFUT,42,ema,complete,0.2948998510837555,0.29026827216148376,0.0046315789222717285,0.0036904513835906982,0.7968020075928189,descriptive_only_unstable_near_zero_gap,common_one_epoch
DIOR,cloudy,SFUT,43,ema,complete,0.2948998510837555,0.29026827216148376,0.0046315789222717285,0.0037331581115722656,0.8060227784569848,descriptive_only_unstable_near_zero_gap,common_one_epoch
DIOR,cloudy,SFUT,44,ema,complete,0.2948998510837555,0.29026827216148376,0.0046315789222717285,0.0033996105194091797,0.7340068206679107,descriptive_only_unstable_near_zero_gap,common_one_epoch
DIOR,contrast,A,42,source,complete,0.2948998510837555,0.2816031277179718,0.013296723365783691,0.0,0.0,descriptive_only_unstable_near_zero_gap,fixed_source
DIOR,contrast,IRG,42,ema,complete,0.2948998510837555,0.2816031277179718,0.013296723365783691,0.0021844804286956787,0.16428712312064622,descriptive_only_unstable_near_zero_gap,common_one_epoch
DIOR,contrast,IRG,43,ema,complete,0.2948998510837555,0.2816031277179718,0.013296723365783691,0.0022074878215789795,0.16601742856886706,descriptive_only_unstable_near_zero_gap,common_one_epoch
DIOR,contrast,IRG,44,ema,complete,0.2948998510837555,0.2816031277179718,0.013296723365783691,0.0035304129123687744,0.265509991841565,descriptive_only_unstable_near_zero_gap,common_one_epoch
DIOR,contrast,LPLD,42,ema,complete,0.2948998510837555,0.2816031277179718,0.013296723365783691,0.0021645724773406982,0.16278991581570904,descriptive_only_unstable_near_zero_gap,common_one_epoch
DIOR,contrast,LPLD,43,ema,complete,0.2948998510837555,0.2816031277179718,0.013296723365783691,0.004845172166824341,0.3643884311598426,descriptive_only_unstable_near_zero_gap,common_one_epoch
DIOR,contrast,LPLD,44,ema,complete,0.2948998510837555,0.2816031277179718,0.013296723365783691,0.004267007112503052,0.3209066621242413,descriptive_only_unstable_near_zero_gap,common_one_epoch
DIOR,contrast,SFUT,42,ema,complete,0.2948998510837555,0.2816031277179718,0.013296723365783691,0.0010947883129119873,0.08233519513004187,descriptive_only_unstable_near_zero_gap,common_one_epoch
DIOR,contrast,SFUT,43,ema,complete,0.2948998510837555,0.2816031277179718,0.013296723365783691,0.0012488961219787598,0.09392510377350033,descriptive_only_unstable_near_zero_gap,common_one_epoch
DIOR,contrast,SFUT,44,ema,complete,0.2948998510837555,0.2816031277179718,0.013296723365783691,0.0012059807777404785,0.09069759102034229,descriptive_only_unstable_near_zero_gap,common_one_epoch
