dataset,domain,method,role,status,n,mean,sample_std,bootstrap_ci95_low,bootstrap_ci95_high
RSAR,clean,A,source,fixed_source,1,0.5313997864723206,,,
RSAR,clean,B,student,complete_low_power,3,0.28337706128756207,0.0171970085018207,0.2704327404499054,0.3028903305530548
RSAR,clean,C,student,complete_low_power,3,0.32671518127123517,0.010543086435173236,0.3152559697628021,0.33600449562072754
RSAR,clean,D,student,complete_low_power,3,0.33461466431617737,0.0422382743191237,0.3035220801830292,0.38270339369773865
RSAR,clean,E,student,complete_low_power,3,0.2459830790758133,0.010188319862609492,0.23629464209079742,0.256606787443161
RSAR,clean,F,student,complete_low_power,3,0.2591293652852376,0.024923561059953366,0.23035961389541626,0.27415451407432556
RSAR,chaff,A,source,fixed_source,1,0.4719308912754059,,,
RSAR,chaff,B,student,complete_low_power,3,0.24193111062049866,0.015877305117911227,0.22407646477222443,0.25446364283561707
RSAR,chaff,C,student,complete_low_power,3,0.2928632398446401,0.008051090934888976,0.2861730754375458,0.30179861187934875
RSAR,chaff,D,student,complete_low_power,3,0.28042206168174744,0.0543153993454053,0.2482573240995407,0.3431331217288971
RSAR,chaff,E,student,complete_low_power,3,0.22398176292578378,0.00849365713476392,0.21828259527683258,0.2337437868118286
RSAR,chaff,F,student,complete_low_power,3,0.22165006895860037,0.04971736642954455,0.17414510250091553,0.2733180522918701
RSAR,gaussian_white_noise,A,source,fixed_source,1,0.5281371474266052,,,
RSAR,gaussian_white_noise,B,student,complete_low_power,3,0.2781534294287364,0.01672841903658101,0.26275306940078735,0.2959512174129486
RSAR,gaussian_white_noise,C,student,complete_low_power,3,0.31703293323516846,0.0029278490876896482,0.31420639157295227,0.32005253434181213
RSAR,gaussian_white_noise,D,student,complete_low_power,3,0.3213249047597249,0.05811101803021697,0.2628660798072815,0.37908175587654114
RSAR,gaussian_white_noise,E,student,complete_low_power,3,0.24726281066735586,0.02162392740329259,0.22566302120685577,0.26891079545021057
RSAR,gaussian_white_noise,F,student,complete_low_power,3,0.26759104430675507,0.01949680609074837,0.24751268327236176,0.28644895553588867
RSAR,point_target,A,source,fixed_source,1,0.5158401131629944,,,
RSAR,point_target,B,student,complete_low_power,3,0.27330492933591205,0.004429899983117811,0.27050450444221497,0.27841219305992126
RSAR,point_target,C,student,complete_low_power,3,0.31969446937243146,0.011947206950569153,0.3081357181072235,0.33199551701545715
RSAR,point_target,D,student,complete_low_power,3,0.3112890124320984,0.0382729503201654,0.2748311161994934,0.3511497676372528
RSAR,point_target,E,student,complete_low_power,3,0.24904657900333405,0.02956960197537819,0.215757355093956,0.27226629853248596
RSAR,point_target,F,student,complete_low_power,3,0.2733874022960663,0.009618431234985002,0.26311439275741577,0.28217947483062744
RSAR,noise_suppression,A,source,fixed_source,1,0.16340675950050354,,,
RSAR,noise_suppression,B,student,complete_low_power,3,0.13888689130544662,0.018075009759191924,0.11801633983850479,0.14946721494197845
RSAR,noise_suppression,C,student,complete_low_power,3,0.18236590921878815,0.007037538558819517,0.17525513470172882,0.18932785093784332
RSAR,noise_suppression,D,student,complete_low_power,3,0.09881805628538132,0.012175925808706184,0.08737795799970627,0.11161597818136215
RSAR,noise_suppression,E,student,complete_low_power,3,0.13523325324058533,0.012225805096717,0.12142336368560791,0.14467503130435944
RSAR,noise_suppression,F,student,complete_low_power,3,0.104974331955115,0.02901891614923824,0.07927240431308746,0.13644398748874664
RSAR,am_noise_horizontal,A,source,fixed_source,1,0.2062060832977295,,,
RSAR,am_noise_horizontal,B,student,complete_low_power,3,0.11208244909842809,0.009194991962177053,0.10670911520719528,0.12269964814186096
RSAR,am_noise_horizontal,C,student,complete_low_power,3,0.12251683821280797,0.023144609145271187,0.10821127891540527,0.14921920001506805
RSAR,am_noise_horizontal,D,student,complete_low_power,3,0.06208637108405431,0.025580440162093605,0.04545454680919647,0.09154219180345535
RSAR,am_noise_horizontal,E,student,complete_low_power,3,0.11746873458226521,0.015637531336892597,0.1082950010895729,0.13552461564540863
RSAR,am_noise_horizontal,F,student,complete_low_power,3,0.05151744931936264,0.0045961005427535735,0.0479111485183239,0.05669255554676056
RSAR,smart_suppression,A,source,fixed_source,1,0.14372646808624268,,,
RSAR,smart_suppression,B,student,complete_low_power,3,0.1273532584309578,0.02059405183235013,0.10520751029253006,0.145928755402565
RSAR,smart_suppression,C,student,complete_low_power,3,0.1814755400021871,0.0107745373861397,0.16904596984386444,0.18815936148166656
RSAR,smart_suppression,D,student,complete_low_power,3,0.10068902621666591,0.017299255615974733,0.08242549002170563,0.11682769656181335
RSAR,smart_suppression,E,student,complete_low_power,3,0.10411985218524933,0.004187721906648222,0.10028896480798721,0.10859072953462601
RSAR,smart_suppression,F,student,complete_low_power,3,0.07906778156757355,0.035954630924931924,0.04204362630844116,0.1138477548956871
RSAR,am_noise_vertical,A,source,fixed_source,1,0.19074364006519318,,,
RSAR,am_noise_vertical,B,student,complete_low_power,3,0.11529842764139175,0.021166981430298725,0.09321838617324829,0.13541561365127563
RSAR,am_noise_vertical,C,student,complete_low_power,3,0.12853149076302847,0.010919141059361086,0.12092024832963943,0.14104224741458893
RSAR,am_noise_vertical,D,student,complete_low_power,3,0.049350483963886894,0.01265823092794489,0.041500747203826904,0.0639532282948494
RSAR,am_noise_vertical,E,student,complete_low_power,3,0.13025209059317908,0.030223234687634663,0.09728213399648666,0.15664567053318024
RSAR,am_noise_vertical,F,student,complete_low_power,3,0.05398775512973467,0.01786209047528718,0.035550862550735474,0.07121338695287704
DIOR,clean,A,source,fixed_source,1,0.2948998510837555,,,
DIOR,clean,B,student,complete_low_power,3,0.2759048243363698,0.004309425825690637,0.2731790244579315,0.2808730900287628
DIOR,clean,C,student,complete_low_power,3,0.266979585091273,0.006356594676060773,0.2607356011867523,0.2734431028366089
DIOR,clean,D,student,complete_low_power,3,0.2073234568039576,0.00844055403496,0.1988198608160019,0.21569952368736267
DIOR,clean,E,student,complete_low_power,3,0.2660372157891591,0.010153143351326692,0.25450801849365234,0.27364423871040344
DIOR,clean,F,student,complete_low_power,3,0.1991476813952128,0.005432032782505479,0.1933087706565857,0.2040514051914215
DIOR,brightness,A,source,fixed_source,1,0.2416841983795166,,,
DIOR,brightness,B,student,complete_low_power,3,0.2339371939500173,0.0016883635163233341,0.23253753781318665,0.23581230640411377
DIOR,brightness,C,student,complete_low_power,3,0.23202457030614218,0.004680514925061141,0.22775611281394958,0.2370297610759735
DIOR,brightness,D,student,complete_low_power,3,0.18047592043876648,0.007567804471074483,0.17223718762397766,0.18711800873279572
DIOR,brightness,E,student,complete_low_power,3,0.23193450272083282,0.006134850420155863,0.22513635456562042,0.23705847561359406
DIOR,brightness,F,student,complete_low_power,3,0.1555736760298411,0.008030552426092071,0.14790530502796173,0.16392304003238678
DIOR,cloudy,A,source,fixed_source,1,0.29026827216148376,,,
DIOR,cloudy,B,student,complete_low_power,3,0.267321656147639,0.0062357743402465275,0.26158660650253296,0.2739596962928772
DIOR,cloudy,C,student,complete_low_power,3,0.26412569483121234,0.0046384673402905035,0.2602561116218567,0.2692675292491913
DIOR,cloudy,D,student,complete_low_power,3,0.20082328716913858,0.014875002266253741,0.18811127543449402,0.21718275547027588
DIOR,cloudy,E,student,complete_low_power,3,0.2678324182828267,0.008014096063661191,0.25959140062332153,0.2755984663963318
DIOR,cloudy,F,student,complete_low_power,3,0.1843308061361313,0.008527698732454968,0.17535488307476044,0.19232536852359772
DIOR,contrast,A,source,fixed_source,1,0.2816031277179718,,,
DIOR,contrast,B,student,complete_low_power,3,0.2629202902317047,0.003000389939076659,0.25950103998184204,0.2651135325431824
DIOR,contrast,C,student,complete_low_power,3,0.2566916048526764,0.001826819659488371,0.25543007254600525,0.25878649950027466
DIOR,contrast,D,student,complete_low_power,3,0.19949902594089508,0.011355744145686273,0.1882641762495041,0.2109719216823578
DIOR,contrast,E,student,complete_low_power,3,0.2582644621531169,0.0075020315088168855,0.2526468336582184,0.2667839825153351
DIOR,contrast,F,student,complete_low_power,3,0.1980208456516266,0.005181406036317107,0.19408294558525085,0.20389065146446228
