dataset,domain,method,seed,role,status,source_clean_TEST,source_corruption_mAP50,source_degradation,delta_A,recovery_ratio,interpretation
RSAR,chaff,A,42,source,complete,0.5313997864723206,0.4719308912754059,0.05946889519691467,0.0,0.0,descriptive_only_unstable_near_zero_gap
RSAR,chaff,B,42,student,complete,0.5313997864723206,0.4719308912754059,0.05946889519691467,-0.2246776670217514,-3.7780703051199107,descriptive_only_unstable_near_zero_gap
RSAR,chaff,B,43,student,complete,0.5313997864723206,0.4719308912754059,0.05946889519691467,-0.21746724843978882,-3.6568234153284105,descriptive_only_unstable_near_zero_gap
RSAR,chaff,B,44,student,complete,0.5313997864723206,0.4719308912754059,0.05946889519691467,-0.24785442650318146,-4.16779941316348,descriptive_only_unstable_near_zero_gap
RSAR,chaff,C,42,student,complete,0.5313997864723206,0.4719308912754059,0.05946889519691467,-0.1857578158378601,-3.123613028672802,descriptive_only_unstable_near_zero_gap
RSAR,chaff,C,43,student,complete,0.5313997864723206,0.4719308912754059,0.05946889519691467,-0.17013227939605713,-2.8608616123220636,descriptive_only_unstable_near_zero_gap
RSAR,chaff,C,44,student,complete,0.5313997864723206,0.4719308912754059,0.05946889519691467,-0.18131285905838013,-3.048868798689014,descriptive_only_unstable_near_zero_gap
RSAR,chaff,D,42,student,complete,0.5313997864723206,0.4719308912754059,0.05946889519691467,-0.22205515205860138,-3.7339713697947072,descriptive_only_unstable_near_zero_gap
RSAR,chaff,D,43,student,complete,0.5313997864723206,0.4719308912754059,0.05946889519691467,-0.22367356717586517,-3.7611858507751403,descriptive_only_unstable_near_zero_gap
RSAR,chaff,D,44,student,complete,0.5313997864723206,0.4719308912754059,0.05946889519691467,-0.1287977695465088,-2.165800610891305,descriptive_only_unstable_near_zero_gap
RSAR,chaff,E,42,student,complete,0.5313997864723206,0.4719308912754059,0.05946889519691467,-0.2520119845867157,-4.237710886544104,descriptive_only_unstable_near_zero_gap
RSAR,chaff,E,43,student,complete,0.5313997864723206,0.4719308912754059,0.05946889519691467,-0.2536482959985733,-4.265226302904866,descriptive_only_unstable_near_zero_gap
RSAR,chaff,E,44,student,complete,0.5313997864723206,0.4719308912754059,0.05946889519691467,-0.23818710446357727,-4.005238430525522,descriptive_only_unstable_near_zero_gap
RSAR,chaff,F,42,student,complete,0.5313997864723206,0.4719308912754059,0.05946889519691467,-0.29778578877449036,-5.00742090110226,descriptive_only_unstable_near_zero_gap
RSAR,chaff,F,43,student,complete,0.5313997864723206,0.4719308912754059,0.05946889519691467,-0.25444383919239044,-4.278603770086372,descriptive_only_unstable_near_zero_gap
RSAR,chaff,F,44,student,complete,0.5313997864723206,0.4719308912754059,0.05946889519691467,-0.19861283898353577,-3.339776841757102,descriptive_only_unstable_near_zero_gap
RSAR,gaussian_white_noise,A,42,source,complete,0.5313997864723206,0.5281371474266052,0.003262639045715332,0.0,0.0,descriptive_only_unstable_near_zero_gap
RSAR,gaussian_white_noise,B,42,student,complete,0.5313997864723206,0.5281371474266052,0.003262639045715332,-0.2523811459541321,-77.35490883846688,descriptive_only_unstable_near_zero_gap
RSAR,gaussian_white_noise,B,43,student,complete,0.5313997864723206,0.5281371474266052,0.003262639045715332,-0.23218593001365662,-71.16506814278928,descriptive_only_unstable_near_zero_gap
RSAR,gaussian_white_noise,B,44,student,complete,0.5313997864723206,0.5281371474266052,0.003262639045715332,-0.26538407802581787,-81.34031203186086,descriptive_only_unstable_near_zero_gap
RSAR,gaussian_white_noise,C,42,student,complete,0.5313997864723206,0.5281371474266052,0.003262639045715332,-0.2080846130847931,-63.77800613833169,descriptive_only_unstable_near_zero_gap
RSAR,gaussian_white_noise,C,43,student,complete,0.5313997864723206,0.5281371474266052,0.003262639045715332,-0.21129727363586426,-64.76268771237531,descriptive_only_unstable_near_zero_gap
RSAR,gaussian_white_noise,C,44,student,complete,0.5313997864723206,0.5281371474266052,0.003262639045715332,-0.21393075585365295,-65.5698509262304,descriptive_only_unstable_near_zero_gap
RSAR,gaussian_white_noise,D,42,student,complete,0.5313997864723206,0.5281371474266052,0.003262639045715332,-0.26527106761932373,-81.30567430304359,descriptive_only_unstable_near_zero_gap
RSAR,gaussian_white_noise,D,43,student,complete,0.5313997864723206,0.5281371474266052,0.003262639045715332,-0.20611026883125305,-63.1728689393109,descriptive_only_unstable_near_zero_gap
RSAR,gaussian_white_noise,D,44,student,complete,0.5313997864723206,0.5281371474266052,0.003262639045715332,-0.1490553915500641,-45.68552924841975,descriptive_only_unstable_near_zero_gap
RSAR,gaussian_white_noise,E,42,student,complete,0.5313997864723206,0.5281371474266052,0.003262639045715332,-0.25922635197639465,-79.45296686031642,descriptive_only_unstable_near_zero_gap
RSAR,gaussian_white_noise,E,43,student,complete,0.5313997864723206,0.5281371474266052,0.003262639045715332,-0.30247412621974945,-92.7084246775549,descriptive_only_unstable_near_zero_gap
RSAR,gaussian_white_noise,E,44,student,complete,0.5313997864723206,0.5281371474266052,0.003262639045715332,-0.280922532081604,-86.10285359348168,descriptive_only_unstable_near_zero_gap
RSAR,gaussian_white_noise,F,42,student,complete,0.5313997864723206,0.5281371474266052,0.003262639045715332,-0.28062446415424347,-86.01149567028389,descriptive_only_unstable_near_zero_gap
RSAR,gaussian_white_noise,F,43,student,complete,0.5313997864723206,0.5281371474266052,0.003262639045715332,-0.24168819189071655,-74.07751470641968,descriptive_only_unstable_near_zero_gap
RSAR,gaussian_white_noise,F,44,student,complete,0.5313997864723206,0.5281371474266052,0.003262639045715332,-0.25932565331459045,-79.48340275494172,descriptive_only_unstable_near_zero_gap
RSAR,point_target,A,42,source,complete,0.5313997864723206,0.5158401131629944,0.015559673309326172,0.0,0.0,descriptive_only_unstable_near_zero_gap
RSAR,point_target,B,42,student,complete,0.5313997864723206,0.5158401131629944,0.015559673309326172,-0.2448420226573944,-15.73567887898011,descriptive_only_unstable_near_zero_gap
RSAR,point_target,B,43,student,complete,0.5313997864723206,0.5158401131629944,0.015559673309326172,-0.23742792010307312,-15.259184134718518,descriptive_only_unstable_near_zero_gap
RSAR,point_target,B,44,student,complete,0.5313997864723206,0.5158401131629944,0.015559673309326172,-0.24533560872077942,-15.767401014372835,descriptive_only_unstable_near_zero_gap
RSAR,point_target,C,42,student,complete,0.5313997864723206,0.5158401131629944,0.015559673309326172,-0.20770439505577087,-13.348891774692778,descriptive_only_unstable_near_zero_gap
RSAR,point_target,C,43,student,complete,0.5313997864723206,0.5158401131629944,0.015559673309326172,-0.19688794016838074,-12.65373226379823,descriptive_only_unstable_near_zero_gap
RSAR,point_target,C,44,student,complete,0.5313997864723206,0.5158401131629944,0.015559673309326172,-0.18384459614753723,-11.815453479819803,descriptive_only_unstable_near_zero_gap
RSAR,point_target,D,42,student,complete,0.5313997864723206,0.5158401131629944,0.015559673309326172,-0.24100899696350098,-15.489335294658453,descriptive_only_unstable_near_zero_gap
RSAR,point_target,D,43,student,complete,0.5313997864723206,0.5158401131629944,0.015559673309326172,-0.20795395970344543,-13.364930970549478,descriptive_only_unstable_near_zero_gap
RSAR,point_target,D,44,student,complete,0.5313997864723206,0.5158401131629944,0.015559673309326172,-0.16469034552574158,-10.58443466335693,descriptive_only_unstable_near_zero_gap
RSAR,point_target,E,42,student,complete,0.5313997864723206,0.5158401131629944,0.015559673309326172,-0.2567240297794342,-16.499320048420213,descriptive_only_unstable_near_zero_gap
RSAR,point_target,E,43,student,complete,0.5313997864723206,0.5158401131629944,0.015559673309326172,-0.3000827580690384,-19.285929216082867,descriptive_only_unstable_near_zero_gap
RSAR,point_target,E,44,student,complete,0.5313997864723206,0.5158401131629944,0.015559673309326172,-0.24357381463050842,-15.654172795807668,descriptive_only_unstable_near_zero_gap
RSAR,point_target,F,42,student,complete,0.5313997864723206,0.5158401131629944,0.015559673309326172,-0.2527257204055786,-16.24235389660139,descriptive_only_unstable_near_zero_gap
RSAR,point_target,F,43,student,complete,0.5313997864723206,0.5158401131629944,0.015559673309326172,-0.24097177386283875,-15.486943014311544,descriptive_only_unstable_near_zero_gap
RSAR,point_target,F,44,student,complete,0.5313997864723206,0.5158401131629944,0.015559673309326172,-0.23366063833236694,-15.017065826974349,descriptive_only_unstable_near_zero_gap
RSAR,noise_suppression,A,42,source,complete,0.5313997864723206,0.16340675950050354,0.367993026971817,0.0,0.0,descriptive_only_unstable_near_zero_gap
RSAR,noise_suppression,B,42,student,complete,0.5313997864723206,0.16340675950050354,0.367993026971817,-0.014229640364646912,-0.03866823369383219,descriptive_only_unstable_near_zero_gap
RSAR,noise_suppression,B,43,student,complete,0.5313997864723206,0.16340675950050354,0.367993026971817,-0.013939544558525085,-0.03787991493543342,descriptive_only_unstable_near_zero_gap
RSAR,noise_suppression,B,44,student,complete,0.5313997864723206,0.16340675950050354,0.367993026971817,-0.04539041966199875,-0.12334586890276865,descriptive_only_unstable_near_zero_gap
RSAR,noise_suppression,C,42,student,complete,0.5313997864723206,0.16340675950050354,0.367993026971817,0.025921091437339783,0.07043908318220651,descriptive_only_unstable_near_zero_gap
RSAR,noise_suppression,C,43,student,complete,0.5313997864723206,0.16340675950050354,0.367993026971817,0.01184837520122528,0.03219728183092093,descriptive_only_unstable_near_zero_gap
RSAR,noise_suppression,C,44,student,complete,0.5313997864723206,0.16340675950050354,0.367993026971817,0.019107982516288757,0.051924849428606576,descriptive_only_unstable_near_zero_gap
RSAR,noise_suppression,D,42,student,complete,0.5313997864723206,0.16340675950050354,0.367993026971817,-0.06594652682542801,-0.17920591422097398,descriptive_only_unstable_near_zero_gap
RSAR,noise_suppression,D,43,student,complete,0.5313997864723206,0.16340675950050354,0.367993026971817,-0.07602880150079727,-0.20660391890148502,descriptive_only_unstable_near_zero_gap
RSAR,noise_suppression,D,44,student,complete,0.5313997864723206,0.16340675950050354,0.367993026971817,-0.05179078131914139,-0.14073848557762975,descriptive_only_unstable_near_zero_gap
RSAR,noise_suppression,E,42,student,complete,0.5313997864723206,0.16340675950050354,0.367993026971817,-0.018731728196144104,-0.050902399836991165,descriptive_only_unstable_near_zero_gap
RSAR,noise_suppression,E,43,student,complete,0.5313997864723206,0.16340675950050354,0.367993026971817,-0.023805394768714905,-0.06468979851223663,descriptive_only_unstable_near_zero_gap
RSAR,noise_suppression,E,44,student,complete,0.5313997864723206,0.16340675950050354,0.367993026971817,-0.04198339581489563,-0.11408747649479498,descriptive_only_unstable_near_zero_gap
RSAR,noise_suppression,F,42,student,complete,0.5313997864723206,0.16340675950050354,0.367993026971817,-0.08413435518741608,-0.22863029737207374,descriptive_only_unstable_near_zero_gap
RSAR,noise_suppression,F,43,student,complete,0.5313997864723206,0.16340675950050354,0.367993026971817,-0.026962772011756897,-0.07326979055454183,descriptive_only_unstable_near_zero_gap
RSAR,noise_suppression,F,44,student,complete,0.5313997864723206,0.16340675950050354,0.367993026971817,-0.06420015543699265,-0.17446024987291256,descriptive_only_unstable_near_zero_gap
RSAR,am_noise_horizontal,A,42,source,complete,0.5313997864723206,0.2062060832977295,0.32519370317459106,0.0,0.0,descriptive_only_unstable_near_zero_gap
RSAR,am_noise_horizontal,B,42,student,complete,0.5313997864723206,0.2062060832977295,0.32519370317459106,-0.08350643515586853,-0.256789828156775,descriptive_only_unstable_near_zero_gap
RSAR,am_noise_horizontal,B,43,student,complete,0.5313997864723206,0.2062060832977295,0.32519370317459106,-0.09936749935150146,-0.30556403270254195,descriptive_only_unstable_near_zero_gap
RSAR,am_noise_horizontal,B,44,student,complete,0.5313997864723206,0.2062060832977295,0.32519370317459106,-0.09949696809053421,-0.30596216076519767,descriptive_only_unstable_near_zero_gap
RSAR,am_noise_horizontal,C,42,student,complete,0.5313997864723206,0.2062060832977295,0.32519370317459106,-0.05698688328266144,-0.17523981161488275,descriptive_only_unstable_near_zero_gap
RSAR,am_noise_horizontal,C,43,student,complete,0.5313997864723206,0.2062060832977295,0.32519370317459106,-0.09799480438232422,-0.3013428717274776,descriptive_only_unstable_near_zero_gap
RSAR,am_noise_horizontal,C,44,student,complete,0.5313997864723206,0.2062060832977295,0.32519370317459106,-0.0960860475897789,-0.2954732722428881,descriptive_only_unstable_near_zero_gap
RSAR,am_noise_horizontal,D,42,student,complete,0.5313997864723206,0.2062060832977295,0.32519370317459106,-0.15694370865821838,-0.48261607505345183,descriptive_only_unstable_near_zero_gap
RSAR,am_noise_horizontal,D,43,student,complete,0.5313997864723206,0.2062060832977295,0.32519370317459106,-0.16075153648853302,-0.494325489452138,descriptive_only_unstable_near_zero_gap
RSAR,am_noise_horizontal,D,44,student,complete,0.5313997864723206,0.2062060832977295,0.32519370317459106,-0.11466389149427414,-0.3526018196997899,descriptive_only_unstable_near_zero_gap
RSAR,am_noise_horizontal,E,42,student,complete,0.5313997864723206,0.2062060832977295,0.32519370317459106,-0.09791108220815659,-0.3010854184823799,descriptive_only_unstable_near_zero_gap
RSAR,am_noise_horizontal,E,43,student,complete,0.5313997864723206,0.2062060832977295,0.32519370317459106,-0.09761949628591537,-0.3001887654432998,descriptive_only_unstable_near_zero_gap
RSAR,am_noise_horizontal,E,44,student,complete,0.5313997864723206,0.2062060832977295,0.32519370317459106,-0.07068146765232086,-0.21735189507766442,descriptive_only_unstable_near_zero_gap
RSAR,am_noise_horizontal,F,42,student,complete,0.5313997864723206,0.2062060832977295,0.32519370317459106,-0.1582949347794056,-0.48677121738245865,descriptive_only_unstable_near_zero_gap
RSAR,am_noise_horizontal,F,43,student,complete,0.5313997864723206,0.2062060832977295,0.32519370317459106,-0.14951352775096893,-0.45976759786980753,descriptive_only_unstable_near_zero_gap
RSAR,am_noise_horizontal,F,44,student,complete,0.5313997864723206,0.2062060832977295,0.32519370317459106,-0.15625743940472603,-0.4805057351336044,descriptive_only_unstable_near_zero_gap
RSAR,smart_suppression,A,42,source,complete,0.5313997864723206,0.14372646808624268,0.3876733183860779,0.0,0.0,descriptive_only_unstable_near_zero_gap
RSAR,smart_suppression,B,42,student,complete,0.5313997864723206,0.14372646808624268,0.3876733183860779,0.0022022873163223267,0.005680781245123253,descriptive_only_unstable_near_zero_gap
RSAR,smart_suppression,B,43,student,complete,0.5313997864723206,0.14372646808624268,0.3876733183860779,-0.012802958488464355,-0.033025121619832724,descriptive_only_unstable_near_zero_gap
RSAR,smart_suppression,B,44,student,complete,0.5313997864723206,0.14372646808624268,0.3876733183860779,-0.038518957793712616,-0.0993593212813067,descriptive_only_unstable_near_zero_gap
RSAR,smart_suppression,C,42,student,complete,0.5313997864723206,0.14372646808624268,0.3876733183860779,0.04443289339542389,0.11461426744662849,descriptive_only_unstable_near_zero_gap
RSAR,smart_suppression,C,43,student,complete,0.5313997864723206,0.14372646808624268,0.3876733183860779,0.025319501757621765,0.06531143763782697,descriptive_only_unstable_near_zero_gap
RSAR,smart_suppression,C,44,student,complete,0.5313997864723206,0.14372646808624268,0.3876733183860779,0.0434948205947876,0.11219451670251852,descriptive_only_unstable_near_zero_gap
RSAR,smart_suppression,D,42,student,complete,0.5313997864723206,0.14372646808624268,0.3876733183860779,-0.04091257601976395,-0.10553363896717737,descriptive_only_unstable_near_zero_gap
RSAR,smart_suppression,D,43,student,complete,0.5313997864723206,0.14372646808624268,0.3876733183860779,-0.06130097806453705,-0.1581253471859736,descriptive_only_unstable_near_zero_gap
RSAR,smart_suppression,D,44,student,complete,0.5313997864723206,0.14372646808624268,0.3876733183860779,-0.02689877152442932,-0.06938515045712083,descriptive_only_unstable_near_zero_gap
RSAR,smart_suppression,E,42,student,complete,0.5313997864723206,0.14372646808624268,0.3876733183860779,-0.04343750327825546,-0.11204666717609058,descriptive_only_unstable_near_zero_gap
RSAR,smart_suppression,E,43,student,complete,0.5313997864723206,0.14372646808624268,0.3876733183860779,-0.04024660587310791,-0.10381577468539357,descriptive_only_unstable_near_zero_gap
RSAR,smart_suppression,E,44,student,complete,0.5313997864723206,0.14372646808624268,0.3876733183860779,-0.03513573855161667,-0.09063233626159829,descriptive_only_unstable_near_zero_gap
RSAR,smart_suppression,F,42,student,complete,0.5313997864723206,0.14372646808624268,0.3876733183860779,-0.0624145045876503,-0.1609976793024808,descriptive_only_unstable_near_zero_gap
RSAR,smart_suppression,F,43,student,complete,0.5313997864723206,0.14372646808624268,0.3876733183860779,-0.10168284177780151,-0.2622900183100482,descriptive_only_unstable_near_zero_gap
RSAR,smart_suppression,F,44,student,complete,0.5313997864723206,0.14372646808624268,0.3876733183860779,-0.029878713190555573,-0.07707188442821805,descriptive_only_unstable_near_zero_gap
RSAR,am_noise_vertical,A,42,source,complete,0.5313997864723206,0.19074364006519318,0.3406561464071274,0.0,0.0,descriptive_only_unstable_near_zero_gap
RSAR,am_noise_vertical,B,42,student,complete,0.5313997864723206,0.19074364006519318,0.3406561464071274,-0.07348235696554184,-0.21570829629981514,descriptive_only_unstable_near_zero_gap
RSAR,am_noise_vertical,B,43,student,complete,0.5313997864723206,0.19074364006519318,0.3406561464071274,-0.09752525389194489,-0.28628649422749536,descriptive_only_unstable_near_zero_gap
RSAR,am_noise_vertical,B,44,student,complete,0.5313997864723206,0.19074364006519318,0.3406561464071274,-0.05532802641391754,-0.16241605207320556,descriptive_only_unstable_near_zero_gap
RSAR,am_noise_vertical,C,42,student,complete,0.5313997864723206,0.19074364006519318,0.3406561464071274,-0.06982339173555374,-0.20496736216849562,descriptive_only_unstable_near_zero_gap
RSAR,am_noise_vertical,C,43,student,complete,0.5313997864723206,0.19074364006519318,0.3406561464071274,-0.04970139265060425,-0.1458990045381561,descriptive_only_unstable_near_zero_gap
RSAR,am_noise_vertical,C,44,student,complete,0.5313997864723206,0.19074364006519318,0.3406561464071274,-0.06711166352033615,-0.19700705308903832,descriptive_only_unstable_near_zero_gap
RSAR,am_noise_vertical,D,42,student,complete,0.5313997864723206,0.19074364006519318,0.3406561464071274,-0.14814616367220879,-0.4348847517788665,descriptive_only_unstable_near_zero_gap
RSAR,am_noise_vertical,D,43,student,complete,0.5313997864723206,0.19074364006519318,0.3406561464071274,-0.14924289286136627,-0.43810421281230033,descriptive_only_unstable_near_zero_gap
RSAR,am_noise_vertical,D,44,student,complete,0.5313997864723206,0.19074364006519318,0.3406561464071274,-0.12679041177034378,-0.37219469869424615,descriptive_only_unstable_near_zero_gap
RSAR,am_noise_vertical,E,42,student,complete,0.5313997864723206,0.19074364006519318,0.3406561464071274,-0.03409796953201294,-0.100094978152138,descriptive_only_unstable_near_zero_gap
RSAR,am_noise_vertical,E,43,student,complete,0.5313997864723206,0.19074364006519318,0.3406561464071274,-0.053915172815322876,-0.1582686042332182,descriptive_only_unstable_near_zero_gap
RSAR,am_noise_vertical,E,44,student,complete,0.5313997864723206,0.19074364006519318,0.3406561464071274,-0.09346150606870651,-0.2743573161806631,descriptive_only_unstable_near_zero_gap
RSAR,am_noise_vertical,F,42,student,complete,0.5313997864723206,0.19074364006519318,0.3406561464071274,-0.13554462417960167,-0.39789278898731106,descriptive_only_unstable_near_zero_gap
RSAR,am_noise_vertical,F,43,student,complete,0.5313997864723206,0.19074364006519318,0.3406561464071274,-0.1551927775144577,-0.4555701670181598,descriptive_only_unstable_near_zero_gap
RSAR,am_noise_vertical,F,44,student,complete,0.5313997864723206,0.19074364006519318,0.3406561464071274,-0.11953025311231613,-0.35088242021461225,descriptive_only_unstable_near_zero_gap
DIOR,brightness,A,42,source,complete,0.2948998510837555,0.2416841983795166,0.05321565270423889,0.0,0.0,descriptive_only_unstable_near_zero_gap
DIOR,brightness,B,42,student,complete,0.2948998510837555,0.2416841983795166,0.05321565270423889,-0.008222460746765137,-0.15451207171062617,descriptive_only_unstable_near_zero_gap
DIOR,brightness,B,43,student,complete,0.2948998510837555,0.2416841983795166,0.05321565270423889,-0.009146660566329956,-0.1718791389662196,descriptive_only_unstable_near_zero_gap
DIOR,brightness,B,44,student,complete,0.2948998510837555,0.2416841983795166,0.05321565270423889,-0.005871891975402832,-0.11034144423704695,descriptive_only_unstable_near_zero_gap
DIOR,brightness,C,42,student,complete,0.2948998510837555,0.2416841983795166,0.05321565270423889,-0.004654437303543091,-0.08746368910311875,descriptive_only_unstable_near_zero_gap
DIOR,brightness,C,43,student,complete,0.2948998510837555,0.2416841983795166,0.05321565270423889,-0.013928085565567017,-0.26172911272884897,descriptive_only_unstable_near_zero_gap
DIOR,brightness,C,44,student,complete,0.2948998510837555,0.2416841983795166,0.05321565270423889,-0.010396361351013184,-0.19536284575506224,descriptive_only_unstable_near_zero_gap
DIOR,brightness,D,42,student,complete,0.2948998510837555,0.2416841983795166,0.05321565270423889,-0.06944701075553894,-1.30501097377327,descriptive_only_unstable_near_zero_gap
DIOR,brightness,D,43,student,complete,0.2948998510837555,0.2416841983795166,0.05321565270423889,-0.054566189646720886,-1.0253785657762762,descriptive_only_unstable_near_zero_gap
DIOR,brightness,D,44,student,complete,0.2948998510837555,0.2416841983795166,0.05321565270423889,-0.05961163341999054,-1.1201898387171745,descriptive_only_unstable_near_zero_gap
DIOR,brightness,E,42,student,complete,0.2948998510837555,0.2416841983795166,0.05321565270423889,-0.004625722765922546,-0.0869241009150318,descriptive_only_unstable_near_zero_gap
DIOR,brightness,E,43,student,complete,0.2948998510837555,0.2416841983795166,0.05321565270423889,-0.01654784381389618,-0.31095820445660083,descriptive_only_unstable_near_zero_gap
DIOR,brightness,E,44,student,complete,0.2948998510837555,0.2416841983795166,0.05321565270423889,-0.008075520396232605,-0.15175084746427153,descriptive_only_unstable_near_zero_gap
DIOR,brightness,F,42,student,complete,0.2948998510837555,0.2416841983795166,0.05321565270423889,-0.07776115834712982,-1.4612459754897595,descriptive_only_unstable_near_zero_gap
DIOR,brightness,F,43,student,complete,0.2948998510837555,0.2416841983795166,0.05321565270423889,-0.09377889335155487,-1.7622426595565353,descriptive_only_unstable_near_zero_gap
DIOR,brightness,F,44,student,complete,0.2948998510837555,0.2416841983795166,0.05321565270423889,-0.0867915153503418,-1.630939600284719,descriptive_only_unstable_near_zero_gap
DIOR,cloudy,A,42,source,complete,0.2948998510837555,0.29026827216148376,0.0046315789222717285,0.0,0.0,descriptive_only_unstable_near_zero_gap
DIOR,cloudy,B,42,student,complete,0.2948998510837555,0.29026827216148376,0.0046315789222717285,-0.02384960651397705,-5.1493468888745895,descriptive_only_unstable_near_zero_gap
DIOR,cloudy,B,43,student,complete,0.2948998510837555,0.29026827216148376,0.0046315789222717285,-0.016308575868606567,-3.5211698088926067,descriptive_only_unstable_near_zero_gap
DIOR,cloudy,B,44,student,complete,0.2948998510837555,0.29026827216148376,0.0046315789222717285,-0.028681665658950806,-6.192632391737983,descriptive_only_unstable_near_zero_gap
DIOR,cloudy,C,42,student,complete,0.2948998510837555,0.29026827216148376,0.0046315789222717285,-0.030012160539627075,-6.479898333440577,descriptive_only_unstable_near_zero_gap
DIOR,cloudy,C,43,student,complete,0.2948998510837555,0.29026827216148376,0.0046315789222717285,-0.027414828538894653,-5.919110739334664,descriptive_only_unstable_near_zero_gap
DIOR,cloudy,C,44,student,complete,0.2948998510837555,0.29026827216148376,0.0046315789222717285,-0.02100074291229248,-4.534251335177917,descriptive_only_unstable_near_zero_gap
DIOR,cloudy,D,42,student,complete,0.2948998510837555,0.29026827216148376,0.0046315789222717285,-0.07308551669120789,-15.779827552924523,descriptive_only_unstable_near_zero_gap
DIOR,cloudy,D,43,student,complete,0.2948998510837555,0.29026827216148376,0.0046315789222717285,-0.10215699672698975,-22.056624412843448,descriptive_only_unstable_near_zero_gap
DIOR,cloudy,D,44,student,complete,0.2948998510837555,0.29026827216148376,0.0046315789222717285,-0.09309244155883789,-20.09950453638762,descriptive_only_unstable_near_zero_gap
DIOR,cloudy,E,42,student,complete,0.2948998510837555,0.29026827216148376,0.0046315789222717285,-0.014669805765151978,-3.1673444437294895,descriptive_only_unstable_near_zero_gap
DIOR,cloudy,E,43,student,complete,0.2948998510837555,0.29026827216148376,0.0046315789222717285,-0.03067687153816223,-6.623415481629239,descriptive_only_unstable_near_zero_gap
DIOR,cloudy,E,44,student,complete,0.2948998510837555,0.29026827216148376,0.0046315789222717285,-0.02196088433265686,-4.741554597516247,descriptive_only_unstable_near_zero_gap
DIOR,cloudy,F,42,student,complete,0.2948998510837555,0.29026827216148376,0.0046315789222717285,-0.09794290363788605,-21.14676340003861,descriptive_only_unstable_near_zero_gap
DIOR,cloudy,F,43,student,complete,0.2948998510837555,0.29026827216148376,0.0046315789222717285,-0.11491338908672333,-24.810845505437232,descriptive_only_unstable_near_zero_gap
DIOR,cloudy,F,44,student,complete,0.2948998510837555,0.29026827216148376,0.0046315789222717285,-0.10495610535144806,-22.660977414580785,descriptive_only_unstable_near_zero_gap
DIOR,contrast,A,42,source,complete,0.2948998510837555,0.2816031277179718,0.013296723365783691,0.0,0.0,descriptive_only_unstable_near_zero_gap
DIOR,contrast,B,42,student,complete,0.2948998510837555,0.2816031277179718,0.013296723365783691,-0.02210208773612976,-1.6622206184273047,descriptive_only_unstable_near_zero_gap
DIOR,contrast,B,43,student,complete,0.2948998510837555,0.2816031277179718,0.013296723365783691,-0.01648959517478943,-1.2401247075066568,descriptive_only_unstable_near_zero_gap
DIOR,contrast,B,44,student,complete,0.2948998510837555,0.2816031277179718,0.013296723365783691,-0.01745682954788208,-1.3128670175092567,descriptive_only_unstable_near_zero_gap
DIOR,contrast,C,42,student,complete,0.2948998510837555,0.2816031277179718,0.013296723365783691,-0.026173055171966553,-1.9683838229888562,descriptive_only_unstable_near_zero_gap
DIOR,contrast,C,43,student,complete,0.2948998510837555,0.2816031277179718,0.013296723365783691,-0.022816628217697144,-1.715958705767386,descriptive_only_unstable_near_zero_gap
DIOR,contrast,C,44,student,complete,0.2948998510837555,0.2816031277179718,0.013296723365783691,-0.025744885206222534,-1.9361826592912024,descriptive_only_unstable_near_zero_gap
DIOR,contrast,D,42,student,complete,0.2948998510837555,0.2816031277179718,0.013296723365783691,-0.07063120603561401,-5.3119256596229185,descriptive_only_unstable_near_zero_gap
DIOR,contrast,D,43,student,complete,0.2948998510837555,0.2816031277179718,0.013296723365783691,-0.08234214782714844,-6.192664580737128,descriptive_only_unstable_near_zero_gap
DIOR,contrast,D,44,student,complete,0.2948998510837555,0.2816031277179718,0.013296723365783691,-0.09333895146846771,-7.019695672443317,descriptive_only_unstable_near_zero_gap
DIOR,contrast,E,42,student,complete,0.2948998510837555,0.2816031277179718,0.013296723365783691,-0.014819145202636719,-1.1144960149182812,descriptive_only_unstable_near_zero_gap
DIOR,contrast,E,43,student,complete,0.2948998510837555,0.2816031277179718,0.013296723365783691,-0.028956294059753418,-2.177701473000959,descriptive_only_unstable_near_zero_gap
DIOR,contrast,E,44,student,complete,0.2948998510837555,0.2816031277179718,0.013296723365783691,-0.026240557432174683,-1.9734604315901776,descriptive_only_unstable_near_zero_gap
DIOR,contrast,F,42,student,complete,0.2948998510837555,0.2816031277179718,0.013296723365783691,-0.08551418781280518,-6.431222599761523,descriptive_only_unstable_near_zero_gap
DIOR,contrast,F,43,student,complete,0.2948998510837555,0.2816031277179718,0.013296723365783691,-0.07771247625350952,-5.844483194520401,descriptive_only_unstable_near_zero_gap
DIOR,contrast,F,44,student,complete,0.2948998510837555,0.2816031277179718,0.013296723365783691,-0.08752018213272095,-6.582086407688653,descriptive_only_unstable_near_zero_gap
