run_id,scope,expected_images,status,inspected,validated_images,detection_rows,visualizations_complete,out_dir
RSAR/clean/A/source,full_test,8538,complete,True,8538,59554,32,/mnt/shared/zechuan/iraod_artifacts/comparison/full_test_roi_v3_331d213/iraod-aligned-roi-v3-full-test/RSAR/clean/A/source
RSAR/clean/B/ema,full_test,8538,complete,True,8538,73073,32,/mnt/shared/zechuan/iraod_artifacts/comparison/full_test_roi_v3_331d213/iraod-aligned-roi-v3-full-test/RSAR/clean/B/ema
RSAR/clean/B/student,full_test,8538,complete,True,8538,178442,32,/mnt/shared/zechuan/iraod_artifacts/comparison/full_test_roi_v3_331d213/iraod-aligned-roi-v3-full-test/RSAR/clean/B/student
RSAR/clean/C/ema,full_test,8538,complete,True,8538,57965,32,/mnt/shared/zechuan/iraod_artifacts/comparison/full_test_roi_v3_331d213/iraod-aligned-roi-v3-full-test/RSAR/clean/C/ema
RSAR/clean/C/student,full_test,8538,complete,True,8538,115238,32,/mnt/shared/zechuan/iraod_artifacts/comparison/full_test_roi_v3_331d213/iraod-aligned-roi-v3-full-test/RSAR/clean/C/student
RSAR/clean/D/ema,full_test,8538,complete,True,8538,44468,32,/mnt/shared/zechuan/iraod_artifacts/comparison/full_test_roi_v3_331d213/iraod-aligned-roi-v3-full-test/RSAR/clean/D/ema
RSAR/clean/D/student,full_test,8538,complete,True,8538,51565,32,/mnt/shared/zechuan/iraod_artifacts/comparison/full_test_roi_v3_331d213/iraod-aligned-roi-v3-full-test/RSAR/clean/D/student
RSAR/clean/E/ema,full_test,8538,complete,True,8538,74921,32,/mnt/shared/zechuan/iraod_artifacts/comparison/full_test_roi_v3_331d213/iraod-aligned-roi-v3-full-test/RSAR/clean/E/ema
RSAR/clean/E/student,full_test,8538,complete,True,8538,277355,32,/mnt/shared/zechuan/iraod_artifacts/comparison/full_test_roi_v3_331d213/iraod-aligned-roi-v3-full-test/RSAR/clean/E/student
RSAR/clean/F/ema,full_test,8538,complete,True,8538,47153,32,/mnt/shared/zechuan/iraod_artifacts/comparison/full_test_roi_v3_331d213/iraod-aligned-roi-v3-full-test/RSAR/clean/F/ema
RSAR/clean/F/student,full_test,8538,complete,True,8538,62566,32,/mnt/shared/zechuan/iraod_artifacts/comparison/full_test_roi_v3_331d213/iraod-aligned-roi-v3-full-test/RSAR/clean/F/student
RSAR/chaff/A/source,full_test,8538,complete,True,8538,67551,32,/mnt/shared/zechuan/iraod_artifacts/comparison/full_test_roi_v3_331d213/iraod-aligned-roi-v3-full-test/RSAR/chaff/A/source
RSAR/chaff/B/ema,full_test,8538,complete,True,8538,74896,32,/mnt/shared/zechuan/iraod_artifacts/comparison/full_test_roi_v3_331d213/iraod-aligned-roi-v3-full-test/RSAR/chaff/B/ema
RSAR/chaff/B/student,full_test,8538,complete,True,8538,161323,32,/mnt/shared/zechuan/iraod_artifacts/comparison/full_test_roi_v3_331d213/iraod-aligned-roi-v3-full-test/RSAR/chaff/B/student
RSAR/chaff/C/ema,full_test,8538,complete,True,8538,59817,32,/mnt/shared/zechuan/iraod_artifacts/comparison/full_test_roi_v3_331d213/iraod-aligned-roi-v3-full-test/RSAR/chaff/C/ema
RSAR/chaff/C/student,full_test,8538,complete,True,8538,79870,32,/mnt/shared/zechuan/iraod_artifacts/comparison/full_test_roi_v3_331d213/iraod-aligned-roi-v3-full-test/RSAR/chaff/C/student
RSAR/chaff/D/ema,full_test,8538,complete,True,8538,46410,32,/mnt/shared/zechuan/iraod_artifacts/comparison/full_test_roi_v3_331d213/iraod-aligned-roi-v3-full-test/RSAR/chaff/D/ema
RSAR/chaff/D/student,full_test,8538,complete,True,8538,25620,32,/mnt/shared/zechuan/iraod_artifacts/comparison/full_test_roi_v3_331d213/iraod-aligned-roi-v3-full-test/RSAR/chaff/D/student
RSAR/chaff/E/ema,full_test,8538,complete,True,8538,78677,32,/mnt/shared/zechuan/iraod_artifacts/comparison/full_test_roi_v3_331d213/iraod-aligned-roi-v3-full-test/RSAR/chaff/E/ema
RSAR/chaff/E/student,full_test,8538,complete,True,8538,249201,32,/mnt/shared/zechuan/iraod_artifacts/comparison/full_test_roi_v3_331d213/iraod-aligned-roi-v3-full-test/RSAR/chaff/E/student
RSAR/chaff/F/ema,full_test,8538,complete,True,8538,53407,32,/mnt/shared/zechuan/iraod_artifacts/comparison/full_test_roi_v3_331d213/iraod-aligned-roi-v3-full-test/RSAR/chaff/F/ema
RSAR/chaff/F/student,full_test,8538,complete,True,8538,58852,32,/mnt/shared/zechuan/iraod_artifacts/comparison/full_test_roi_v3_331d213/iraod-aligned-roi-v3-full-test/RSAR/chaff/F/student
RSAR/gaussian_white_noise/A/source,full_test,8538,complete,True,8538,59649,32,/mnt/shared/zechuan/iraod_artifacts/comparison/full_test_roi_v3_331d213/iraod-aligned-roi-v3-full-test/RSAR/gaussian_white_noise/A/source
RSAR/gaussian_white_noise/B/ema,full_test,8538,complete,True,8538,74021,32,/mnt/shared/zechuan/iraod_artifacts/comparison/full_test_roi_v3_331d213/iraod-aligned-roi-v3-full-test/RSAR/gaussian_white_noise/B/ema
RSAR/gaussian_white_noise/B/student,full_test,8538,complete,True,8538,154565,32,/mnt/shared/zechuan/iraod_artifacts/comparison/full_test_roi_v3_331d213/iraod-aligned-roi-v3-full-test/RSAR/gaussian_white_noise/B/student
RSAR/gaussian_white_noise/C/ema,full_test,8538,complete,True,8538,58408,32,/mnt/shared/zechuan/iraod_artifacts/comparison/full_test_roi_v3_331d213/iraod-aligned-roi-v3-full-test/RSAR/gaussian_white_noise/C/ema
RSAR/gaussian_white_noise/C/student,full_test,8538,complete,True,8538,166396,32,/mnt/shared/zechuan/iraod_artifacts/comparison/full_test_roi_v3_331d213/iraod-aligned-roi-v3-full-test/RSAR/gaussian_white_noise/C/student
RSAR/gaussian_white_noise/D/ema,full_test,8538,complete,True,8538,45307,32,/mnt/shared/zechuan/iraod_artifacts/comparison/full_test_roi_v3_331d213/iraod-aligned-roi-v3-full-test/RSAR/gaussian_white_noise/D/ema
RSAR/gaussian_white_noise/D/student,full_test,8538,complete,True,8538,28836,32,/mnt/shared/zechuan/iraod_artifacts/comparison/full_test_roi_v3_331d213/iraod-aligned-roi-v3-full-test/RSAR/gaussian_white_noise/D/student
RSAR/gaussian_white_noise/E/ema,full_test,8538,complete,True,8538,74479,32,/mnt/shared/zechuan/iraod_artifacts/comparison/full_test_roi_v3_331d213/iraod-aligned-roi-v3-full-test/RSAR/gaussian_white_noise/E/ema
RSAR/gaussian_white_noise/E/student,full_test,8538,complete,True,8538,195624,32,/mnt/shared/zechuan/iraod_artifacts/comparison/full_test_roi_v3_331d213/iraod-aligned-roi-v3-full-test/RSAR/gaussian_white_noise/E/student
RSAR/gaussian_white_noise/F/ema,full_test,8538,complete,True,8538,49204,32,/mnt/shared/zechuan/iraod_artifacts/comparison/full_test_roi_v3_331d213/iraod-aligned-roi-v3-full-test/RSAR/gaussian_white_noise/F/ema
RSAR/gaussian_white_noise/F/student,full_test,8538,complete,True,8538,44952,32,/mnt/shared/zechuan/iraod_artifacts/comparison/full_test_roi_v3_331d213/iraod-aligned-roi-v3-full-test/RSAR/gaussian_white_noise/F/student
RSAR/point_target/A/source,full_test,8538,complete,True,8538,106100,32,/mnt/shared/zechuan/iraod_artifacts/comparison/full_test_roi_v3_331d213/iraod-aligned-roi-v3-full-test/RSAR/point_target/A/source
RSAR/point_target/B/ema,full_test,8538,complete,True,8538,88367,32,/mnt/shared/zechuan/iraod_artifacts/comparison/full_test_roi_v3_331d213/iraod-aligned-roi-v3-full-test/RSAR/point_target/B/ema
RSAR/point_target/B/student,full_test,8538,complete,True,8538,169029,32,/mnt/shared/zechuan/iraod_artifacts/comparison/full_test_roi_v3_331d213/iraod-aligned-roi-v3-full-test/RSAR/point_target/B/student
RSAR/point_target/C/ema,full_test,8538,complete,True,8538,71066,32,/mnt/shared/zechuan/iraod_artifacts/comparison/full_test_roi_v3_331d213/iraod-aligned-roi-v3-full-test/RSAR/point_target/C/ema
RSAR/point_target/C/student,full_test,8538,complete,True,8538,464319,32,/mnt/shared/zechuan/iraod_artifacts/comparison/full_test_roi_v3_331d213/iraod-aligned-roi-v3-full-test/RSAR/point_target/C/student
RSAR/point_target/D/ema,full_test,8538,complete,True,8538,68246,32,/mnt/shared/zechuan/iraod_artifacts/comparison/full_test_roi_v3_331d213/iraod-aligned-roi-v3-full-test/RSAR/point_target/D/ema
RSAR/point_target/D/student,full_test,8538,complete,True,8538,22318,32,/mnt/shared/zechuan/iraod_artifacts/comparison/full_test_roi_v3_331d213/iraod-aligned-roi-v3-full-test/RSAR/point_target/D/student
RSAR/point_target/E/ema,full_test,8538,complete,True,8538,92441,32,/mnt/shared/zechuan/iraod_artifacts/comparison/full_test_roi_v3_331d213/iraod-aligned-roi-v3-full-test/RSAR/point_target/E/ema
RSAR/point_target/E/student,full_test,8538,complete,True,8538,261082,32,/mnt/shared/zechuan/iraod_artifacts/comparison/full_test_roi_v3_331d213/iraod-aligned-roi-v3-full-test/RSAR/point_target/E/student
RSAR/point_target/F/ema,full_test,8538,complete,True,8538,69689,32,/mnt/shared/zechuan/iraod_artifacts/comparison/full_test_roi_v3_331d213/iraod-aligned-roi-v3-full-test/RSAR/point_target/F/ema
RSAR/point_target/F/student,full_test,8538,complete,True,8538,56145,32,/mnt/shared/zechuan/iraod_artifacts/comparison/full_test_roi_v3_331d213/iraod-aligned-roi-v3-full-test/RSAR/point_target/F/student
RSAR/noise_suppression/A/source,full_test,8538,complete,True,8538,54520,32,/mnt/shared/zechuan/iraod_artifacts/comparison/full_test_roi_v3_331d213/iraod-aligned-roi-v3-full-test/RSAR/noise_suppression/A/source
RSAR/noise_suppression/B/ema,full_test,8538,complete,True,8538,56731,32,/mnt/shared/zechuan/iraod_artifacts/comparison/full_test_roi_v3_331d213/iraod-aligned-roi-v3-full-test/RSAR/noise_suppression/B/ema
RSAR/noise_suppression/B/student,full_test,8538,complete,True,8538,72042,32,/mnt/shared/zechuan/iraod_artifacts/comparison/full_test_roi_v3_331d213/iraod-aligned-roi-v3-full-test/RSAR/noise_suppression/B/student
RSAR/noise_suppression/C/ema,full_test,8538,complete,True,8538,41353,32,/mnt/shared/zechuan/iraod_artifacts/comparison/full_test_roi_v3_331d213/iraod-aligned-roi-v3-full-test/RSAR/noise_suppression/C/ema
RSAR/noise_suppression/C/student,full_test,8538,complete,True,8538,39384,32,/mnt/shared/zechuan/iraod_artifacts/comparison/full_test_roi_v3_331d213/iraod-aligned-roi-v3-full-test/RSAR/noise_suppression/C/student
RSAR/noise_suppression/D/ema,full_test,8538,complete,True,8538,27773,32,/mnt/shared/zechuan/iraod_artifacts/comparison/full_test_roi_v3_331d213/iraod-aligned-roi-v3-full-test/RSAR/noise_suppression/D/ema
RSAR/noise_suppression/D/student,full_test,8538,complete,True,8538,12957,32,/mnt/shared/zechuan/iraod_artifacts/comparison/full_test_roi_v3_331d213/iraod-aligned-roi-v3-full-test/RSAR/noise_suppression/D/student
RSAR/noise_suppression/E/ema,full_test,8538,complete,True,8538,56309,32,/mnt/shared/zechuan/iraod_artifacts/comparison/full_test_roi_v3_331d213/iraod-aligned-roi-v3-full-test/RSAR/noise_suppression/E/ema
RSAR/noise_suppression/E/student,full_test,8538,complete,True,8538,84876,32,/mnt/shared/zechuan/iraod_artifacts/comparison/full_test_roi_v3_331d213/iraod-aligned-roi-v3-full-test/RSAR/noise_suppression/E/student
RSAR/noise_suppression/F/ema,full_test,8538,complete,True,8538,31847,32,/mnt/shared/zechuan/iraod_artifacts/comparison/full_test_roi_v3_331d213/iraod-aligned-roi-v3-full-test/RSAR/noise_suppression/F/ema
RSAR/noise_suppression/F/student,full_test,8538,complete,True,8538,17885,32,/mnt/shared/zechuan/iraod_artifacts/comparison/full_test_roi_v3_331d213/iraod-aligned-roi-v3-full-test/RSAR/noise_suppression/F/student
RSAR/am_noise_horizontal/A/source,full_test,8538,complete,True,8538,242174,32,/mnt/shared/zechuan/iraod_artifacts/comparison/full_test_roi_v3_331d213/iraod-aligned-roi-v3-full-test/RSAR/am_noise_horizontal/A/source
RSAR/am_noise_horizontal/B/ema,full_test,8538,complete,True,8538,154112,32,/mnt/shared/zechuan/iraod_artifacts/comparison/full_test_roi_v3_331d213/iraod-aligned-roi-v3-full-test/RSAR/am_noise_horizontal/B/ema
RSAR/am_noise_horizontal/B/student,full_test,8538,complete,True,8538,70370,32,/mnt/shared/zechuan/iraod_artifacts/comparison/full_test_roi_v3_331d213/iraod-aligned-roi-v3-full-test/RSAR/am_noise_horizontal/B/student
RSAR/am_noise_horizontal/C/ema,full_test,8538,complete,True,8538,105544,32,/mnt/shared/zechuan/iraod_artifacts/comparison/full_test_roi_v3_331d213/iraod-aligned-roi-v3-full-test/RSAR/am_noise_horizontal/C/ema
RSAR/am_noise_horizontal/C/student,full_test,8538,complete,True,8538,39796,32,/mnt/shared/zechuan/iraod_artifacts/comparison/full_test_roi_v3_331d213/iraod-aligned-roi-v3-full-test/RSAR/am_noise_horizontal/C/student
RSAR/am_noise_horizontal/D/ema,full_test,8538,complete,True,8538,67992,32,/mnt/shared/zechuan/iraod_artifacts/comparison/full_test_roi_v3_331d213/iraod-aligned-roi-v3-full-test/RSAR/am_noise_horizontal/D/ema
RSAR/am_noise_horizontal/D/student,full_test,8538,complete,True,8538,9997,32,/mnt/shared/zechuan/iraod_artifacts/comparison/full_test_roi_v3_331d213/iraod-aligned-roi-v3-full-test/RSAR/am_noise_horizontal/D/student
RSAR/am_noise_horizontal/E/ema,full_test,8538,complete,True,8538,160119,32,/mnt/shared/zechuan/iraod_artifacts/comparison/full_test_roi_v3_331d213/iraod-aligned-roi-v3-full-test/RSAR/am_noise_horizontal/E/ema
RSAR/am_noise_horizontal/E/student,full_test,8538,complete,True,8538,87461,32,/mnt/shared/zechuan/iraod_artifacts/comparison/full_test_roi_v3_331d213/iraod-aligned-roi-v3-full-test/RSAR/am_noise_horizontal/E/student
RSAR/am_noise_horizontal/F/ema,full_test,8538,complete,True,8538,75206,32,/mnt/shared/zechuan/iraod_artifacts/comparison/full_test_roi_v3_331d213/iraod-aligned-roi-v3-full-test/RSAR/am_noise_horizontal/F/ema
RSAR/am_noise_horizontal/F/student,full_test,8538,complete,True,8538,10225,32,/mnt/shared/zechuan/iraod_artifacts/comparison/full_test_roi_v3_331d213/iraod-aligned-roi-v3-full-test/RSAR/am_noise_horizontal/F/student
RSAR/smart_suppression/A/source,full_test,8538,complete,True,8538,76467,32,/mnt/shared/zechuan/iraod_artifacts/comparison/full_test_roi_v3_331d213/iraod-aligned-roi-v3-full-test/RSAR/smart_suppression/A/source
RSAR/smart_suppression/B/ema,full_test,8538,complete,True,8538,79740,32,/mnt/shared/zechuan/iraod_artifacts/comparison/full_test_roi_v3_331d213/iraod-aligned-roi-v3-full-test/RSAR/smart_suppression/B/ema
RSAR/smart_suppression/B/student,full_test,8538,complete,True,8538,100524,32,/mnt/shared/zechuan/iraod_artifacts/comparison/full_test_roi_v3_331d213/iraod-aligned-roi-v3-full-test/RSAR/smart_suppression/B/student
RSAR/smart_suppression/C/ema,full_test,8538,complete,True,8538,53848,32,/mnt/shared/zechuan/iraod_artifacts/comparison/full_test_roi_v3_331d213/iraod-aligned-roi-v3-full-test/RSAR/smart_suppression/C/ema
RSAR/smart_suppression/C/student,full_test,8538,complete,True,8538,47041,32,/mnt/shared/zechuan/iraod_artifacts/comparison/full_test_roi_v3_331d213/iraod-aligned-roi-v3-full-test/RSAR/smart_suppression/C/student
RSAR/smart_suppression/D/ema,full_test,8538,complete,True,8538,38864,32,/mnt/shared/zechuan/iraod_artifacts/comparison/full_test_roi_v3_331d213/iraod-aligned-roi-v3-full-test/RSAR/smart_suppression/D/ema
RSAR/smart_suppression/D/student,full_test,8538,complete,True,8538,18427,32,/mnt/shared/zechuan/iraod_artifacts/comparison/full_test_roi_v3_331d213/iraod-aligned-roi-v3-full-test/RSAR/smart_suppression/D/student
RSAR/smart_suppression/E/ema,full_test,8538,complete,True,8538,84858,32,/mnt/shared/zechuan/iraod_artifacts/comparison/full_test_roi_v3_331d213/iraod-aligned-roi-v3-full-test/RSAR/smart_suppression/E/ema
RSAR/smart_suppression/E/student,full_test,8538,complete,True,8538,98472,32,/mnt/shared/zechuan/iraod_artifacts/comparison/full_test_roi_v3_331d213/iraod-aligned-roi-v3-full-test/RSAR/smart_suppression/E/student
RSAR/smart_suppression/F/ema,full_test,8538,complete,True,8538,45753,32,/mnt/shared/zechuan/iraod_artifacts/comparison/full_test_roi_v3_331d213/iraod-aligned-roi-v3-full-test/RSAR/smart_suppression/F/ema
RSAR/smart_suppression/F/student,full_test,8538,complete,True,8538,24827,32,/mnt/shared/zechuan/iraod_artifacts/comparison/full_test_roi_v3_331d213/iraod-aligned-roi-v3-full-test/RSAR/smart_suppression/F/student
RSAR/am_noise_vertical/A/source,full_test,8538,complete,True,8538,83766,32,/mnt/shared/zechuan/iraod_artifacts/comparison/full_test_roi_v3_331d213/iraod-aligned-roi-v3-full-test/RSAR/am_noise_vertical/A/source
RSAR/am_noise_vertical/B/ema,full_test,8538,complete,True,8538,77416,32,/mnt/shared/zechuan/iraod_artifacts/comparison/full_test_roi_v3_331d213/iraod-aligned-roi-v3-full-test/RSAR/am_noise_vertical/B/ema
RSAR/am_noise_vertical/B/student,full_test,8538,complete,True,8538,38951,32,/mnt/shared/zechuan/iraod_artifacts/comparison/full_test_roi_v3_331d213/iraod-aligned-roi-v3-full-test/RSAR/am_noise_vertical/B/student
RSAR/am_noise_vertical/C/ema,full_test,8538,complete,True,8538,53011,32,/mnt/shared/zechuan/iraod_artifacts/comparison/full_test_roi_v3_331d213/iraod-aligned-roi-v3-full-test/RSAR/am_noise_vertical/C/ema
RSAR/am_noise_vertical/C/student,full_test,8538,complete,True,8538,25382,32,/mnt/shared/zechuan/iraod_artifacts/comparison/full_test_roi_v3_331d213/iraod-aligned-roi-v3-full-test/RSAR/am_noise_vertical/C/student
RSAR/am_noise_vertical/D/ema,full_test,8538,complete,True,8538,26080,32,/mnt/shared/zechuan/iraod_artifacts/comparison/full_test_roi_v3_331d213/iraod-aligned-roi-v3-full-test/RSAR/am_noise_vertical/D/ema
RSAR/am_noise_vertical/D/student,full_test,8538,complete,True,8538,4284,32,/mnt/shared/zechuan/iraod_artifacts/comparison/full_test_roi_v3_331d213/iraod-aligned-roi-v3-full-test/RSAR/am_noise_vertical/D/student
RSAR/am_noise_vertical/E/ema,full_test,8538,complete,True,8538,70608,32,/mnt/shared/zechuan/iraod_artifacts/comparison/full_test_roi_v3_331d213/iraod-aligned-roi-v3-full-test/RSAR/am_noise_vertical/E/ema
RSAR/am_noise_vertical/E/student,full_test,8538,complete,True,8538,80231,32,/mnt/shared/zechuan/iraod_artifacts/comparison/full_test_roi_v3_331d213/iraod-aligned-roi-v3-full-test/RSAR/am_noise_vertical/E/student
RSAR/am_noise_vertical/F/ema,full_test,8538,complete,True,8538,30135,32,/mnt/shared/zechuan/iraod_artifacts/comparison/full_test_roi_v3_331d213/iraod-aligned-roi-v3-full-test/RSAR/am_noise_vertical/F/ema
RSAR/am_noise_vertical/F/student,full_test,8538,complete,True,8538,13521,32,/mnt/shared/zechuan/iraod_artifacts/comparison/full_test_roi_v3_331d213/iraod-aligned-roi-v3-full-test/RSAR/am_noise_vertical/F/student
DIOR/clean/A/source,full_test,11738,complete,True,11738,317589,16,/mnt/shared/zechuan/iraod_artifacts/comparison/full_test_roi_v3_331d213/iraod-aligned-roi-v3-full-test/DIOR/clean/A/source
DIOR/clean/B/ema,full_test,11738,complete,True,11738,324545,16,/mnt/shared/zechuan/iraod_artifacts/comparison/full_test_roi_v3_331d213/iraod-aligned-roi-v3-full-test/DIOR/clean/B/ema
DIOR/clean/B/student,full_test,11738,complete,True,11738,412229,16,/mnt/shared/zechuan/iraod_artifacts/comparison/full_test_roi_v3_331d213/iraod-aligned-roi-v3-full-test/DIOR/clean/B/student
DIOR/clean/C/ema,full_test,11738,complete,True,11738,279500,16,/mnt/shared/zechuan/iraod_artifacts/comparison/full_test_roi_v3_331d213/iraod-aligned-roi-v3-full-test/DIOR/clean/C/ema
DIOR/clean/C/student,full_test,11738,complete,True,11738,245485,16,/mnt/shared/zechuan/iraod_artifacts/comparison/full_test_roi_v3_331d213/iraod-aligned-roi-v3-full-test/DIOR/clean/C/student
DIOR/clean/D/ema,full_test,11738,complete,True,11738,186564,16,/mnt/shared/zechuan/iraod_artifacts/comparison/full_test_roi_v3_331d213/iraod-aligned-roi-v3-full-test/DIOR/clean/D/ema
DIOR/clean/D/student,full_test,11738,complete,True,11738,95059,16,/mnt/shared/zechuan/iraod_artifacts/comparison/full_test_roi_v3_331d213/iraod-aligned-roi-v3-full-test/DIOR/clean/D/student
DIOR/clean/E/ema,full_test,11738,complete,True,11738,324566,16,/mnt/shared/zechuan/iraod_artifacts/comparison/full_test_roi_v3_331d213/iraod-aligned-roi-v3-full-test/DIOR/clean/E/ema
DIOR/clean/E/student,full_test,11738,complete,True,11738,382218,16,/mnt/shared/zechuan/iraod_artifacts/comparison/full_test_roi_v3_331d213/iraod-aligned-roi-v3-full-test/DIOR/clean/E/student
DIOR/clean/F/ema,full_test,11738,complete,True,11738,185291,16,/mnt/shared/zechuan/iraod_artifacts/comparison/full_test_roi_v3_331d213/iraod-aligned-roi-v3-full-test/DIOR/clean/F/ema
DIOR/clean/F/student,full_test,11738,complete,True,11738,56372,16,/mnt/shared/zechuan/iraod_artifacts/comparison/full_test_roi_v3_331d213/iraod-aligned-roi-v3-full-test/DIOR/clean/F/student
DIOR/brightness/A/source,full_test,11738,complete,True,11738,314788,16,/mnt/shared/zechuan/iraod_artifacts/comparison/full_test_roi_v3_331d213/iraod-aligned-roi-v3-full-test/DIOR/brightness/A/source
DIOR/brightness/B/ema,full_test,11738,complete,True,11738,328053,16,/mnt/shared/zechuan/iraod_artifacts/comparison/full_test_roi_v3_331d213/iraod-aligned-roi-v3-full-test/DIOR/brightness/B/ema
DIOR/brightness/B/student,full_test,11738,complete,True,11738,306228,16,/mnt/shared/zechuan/iraod_artifacts/comparison/full_test_roi_v3_331d213/iraod-aligned-roi-v3-full-test/DIOR/brightness/B/student
DIOR/brightness/C/ema,full_test,11738,complete,True,11738,267135,16,/mnt/shared/zechuan/iraod_artifacts/comparison/full_test_roi_v3_331d213/iraod-aligned-roi-v3-full-test/DIOR/brightness/C/ema
DIOR/brightness/C/student,full_test,11738,complete,True,11738,234865,16,/mnt/shared/zechuan/iraod_artifacts/comparison/full_test_roi_v3_331d213/iraod-aligned-roi-v3-full-test/DIOR/brightness/C/student
DIOR/brightness/D/ema,full_test,11738,complete,True,11738,177786,16,/mnt/shared/zechuan/iraod_artifacts/comparison/full_test_roi_v3_331d213/iraod-aligned-roi-v3-full-test/DIOR/brightness/D/ema
DIOR/brightness/D/student,full_test,11738,complete,True,11738,58520,16,/mnt/shared/zechuan/iraod_artifacts/comparison/full_test_roi_v3_331d213/iraod-aligned-roi-v3-full-test/DIOR/brightness/D/student
DIOR/brightness/E/ema,full_test,11738,complete,True,11738,327123,16,/mnt/shared/zechuan/iraod_artifacts/comparison/full_test_roi_v3_331d213/iraod-aligned-roi-v3-full-test/DIOR/brightness/E/ema
DIOR/brightness/E/student,full_test,11738,complete,True,11738,413227,16,/mnt/shared/zechuan/iraod_artifacts/comparison/full_test_roi_v3_331d213/iraod-aligned-roi-v3-full-test/DIOR/brightness/E/student
DIOR/brightness/F/ema,full_test,11738,complete,True,11738,180557,16,/mnt/shared/zechuan/iraod_artifacts/comparison/full_test_roi_v3_331d213/iraod-aligned-roi-v3-full-test/DIOR/brightness/F/ema
DIOR/brightness/F/student,full_test,11738,complete,True,11738,44002,16,/mnt/shared/zechuan/iraod_artifacts/comparison/full_test_roi_v3_331d213/iraod-aligned-roi-v3-full-test/DIOR/brightness/F/student
DIOR/cloudy/A/source,full_test,11738,complete,True,11738,305164,16,/mnt/shared/zechuan/iraod_artifacts/comparison/full_test_roi_v3_331d213/iraod-aligned-roi-v3-full-test/DIOR/cloudy/A/source
DIOR/cloudy/B/ema,full_test,11738,complete,True,11738,307490,16,/mnt/shared/zechuan/iraod_artifacts/comparison/full_test_roi_v3_331d213/iraod-aligned-roi-v3-full-test/DIOR/cloudy/B/ema
DIOR/cloudy/B/student,full_test,11738,complete,True,11738,359280,16,/mnt/shared/zechuan/iraod_artifacts/comparison/full_test_roi_v3_331d213/iraod-aligned-roi-v3-full-test/DIOR/cloudy/B/student
DIOR/cloudy/C/ema,full_test,11738,complete,True,11738,260565,16,/mnt/shared/zechuan/iraod_artifacts/comparison/full_test_roi_v3_331d213/iraod-aligned-roi-v3-full-test/DIOR/cloudy/C/ema
DIOR/cloudy/C/student,full_test,11738,complete,True,11738,250307,16,/mnt/shared/zechuan/iraod_artifacts/comparison/full_test_roi_v3_331d213/iraod-aligned-roi-v3-full-test/DIOR/cloudy/C/student
DIOR/cloudy/D/ema,full_test,11738,complete,True,11738,178335,16,/mnt/shared/zechuan/iraod_artifacts/comparison/full_test_roi_v3_331d213/iraod-aligned-roi-v3-full-test/DIOR/cloudy/D/ema
DIOR/cloudy/D/student,full_test,11738,complete,True,11738,96933,16,/mnt/shared/zechuan/iraod_artifacts/comparison/full_test_roi_v3_331d213/iraod-aligned-roi-v3-full-test/DIOR/cloudy/D/student
DIOR/cloudy/E/ema,full_test,11738,complete,True,11738,306769,16,/mnt/shared/zechuan/iraod_artifacts/comparison/full_test_roi_v3_331d213/iraod-aligned-roi-v3-full-test/DIOR/cloudy/E/ema
DIOR/cloudy/E/student,full_test,11738,complete,True,11738,353433,16,/mnt/shared/zechuan/iraod_artifacts/comparison/full_test_roi_v3_331d213/iraod-aligned-roi-v3-full-test/DIOR/cloudy/E/student
DIOR/cloudy/F/ema,full_test,11738,complete,True,11738,179587,16,/mnt/shared/zechuan/iraod_artifacts/comparison/full_test_roi_v3_331d213/iraod-aligned-roi-v3-full-test/DIOR/cloudy/F/ema
DIOR/cloudy/F/student,full_test,11738,complete,True,11738,51721,16,/mnt/shared/zechuan/iraod_artifacts/comparison/full_test_roi_v3_331d213/iraod-aligned-roi-v3-full-test/DIOR/cloudy/F/student
DIOR/contrast/A/source,full_test,11738,complete,True,11738,373844,16,/mnt/shared/zechuan/iraod_artifacts/comparison/full_test_roi_v3_331d213/iraod-aligned-roi-v3-full-test/DIOR/contrast/A/source
DIOR/contrast/B/ema,full_test,11738,complete,True,11738,394432,16,/mnt/shared/zechuan/iraod_artifacts/comparison/full_test_roi_v3_331d213/iraod-aligned-roi-v3-full-test/DIOR/contrast/B/ema
DIOR/contrast/B/student,full_test,11738,complete,True,11738,485362,16,/mnt/shared/zechuan/iraod_artifacts/comparison/full_test_roi_v3_331d213/iraod-aligned-roi-v3-full-test/DIOR/contrast/B/student
DIOR/contrast/C/ema,full_test,11738,complete,True,11738,322000,16,/mnt/shared/zechuan/iraod_artifacts/comparison/full_test_roi_v3_331d213/iraod-aligned-roi-v3-full-test/DIOR/contrast/C/ema
DIOR/contrast/C/student,full_test,11738,complete,True,11738,258613,16,/mnt/shared/zechuan/iraod_artifacts/comparison/full_test_roi_v3_331d213/iraod-aligned-roi-v3-full-test/DIOR/contrast/C/student
DIOR/contrast/D/ema,full_test,11738,complete,True,11738,206633,16,/mnt/shared/zechuan/iraod_artifacts/comparison/full_test_roi_v3_331d213/iraod-aligned-roi-v3-full-test/DIOR/contrast/D/ema
DIOR/contrast/D/student,full_test,11738,complete,True,11738,85819,16,/mnt/shared/zechuan/iraod_artifacts/comparison/full_test_roi_v3_331d213/iraod-aligned-roi-v3-full-test/DIOR/contrast/D/student
DIOR/contrast/E/ema,full_test,11738,complete,True,11738,396246,16,/mnt/shared/zechuan/iraod_artifacts/comparison/full_test_roi_v3_331d213/iraod-aligned-roi-v3-full-test/DIOR/contrast/E/ema
DIOR/contrast/E/student,full_test,11738,complete,True,11738,460779,16,/mnt/shared/zechuan/iraod_artifacts/comparison/full_test_roi_v3_331d213/iraod-aligned-roi-v3-full-test/DIOR/contrast/E/student
DIOR/contrast/F/ema,full_test,11738,complete,True,11738,210524,16,/mnt/shared/zechuan/iraod_artifacts/comparison/full_test_roi_v3_331d213/iraod-aligned-roi-v3-full-test/DIOR/contrast/F/ema
DIOR/contrast/F/student,full_test,11738,complete,True,11738,53627,16,/mnt/shared/zechuan/iraod_artifacts/comparison/full_test_roi_v3_331d213/iraod-aligned-roi-v3-full-test/DIOR/contrast/F/student
