dataset,domain,method,seed,role,status,source_clean_TEST,source_corruption_mAP50,source_degradation,delta_A,recovery_ratio,interpretation
RSAR,chaff,A,42,source,complete,0.5313997864723206,0.4719308912754059,0.05946889519691467,0.0,0.0,descriptive_only_unstable_near_zero_gap
RSAR,chaff,B,42,ema,complete,0.5313997864723206,0.4719308912754059,0.05946889519691467,-0.008846819400787354,-0.14876380957631005,descriptive_only_unstable_near_zero_gap
RSAR,chaff,B,43,ema,complete,0.5313997864723206,0.4719308912754059,0.05946889519691467,-0.008742570877075195,-0.1470108171360273,descriptive_only_unstable_near_zero_gap
RSAR,chaff,B,44,ema,complete,0.5313997864723206,0.4719308912754059,0.05946889519691467,-0.003397524356842041,-0.05713111611695637,descriptive_only_unstable_near_zero_gap
RSAR,chaff,C,42,ema,complete,0.5313997864723206,0.4719308912754059,0.05946889519691467,-0.0056497156620025635,-0.09500286903422545,descriptive_only_unstable_near_zero_gap
RSAR,chaff,C,43,ema,complete,0.5313997864723206,0.4719308912754059,0.05946889519691467,-0.005931437015533447,-0.09974015821032402,descriptive_only_unstable_near_zero_gap
RSAR,chaff,C,44,ema,complete,0.5313997864723206,0.4719308912754059,0.05946889519691467,-0.0011348724365234375,-0.019083462586039705,descriptive_only_unstable_near_zero_gap
RSAR,chaff,D,42,ema,complete,0.5313997864723206,0.4719308912754059,0.05946889519691467,-0.012643218040466309,-0.212602201513948,descriptive_only_unstable_near_zero_gap
RSAR,chaff,D,43,ema,complete,0.5313997864723206,0.4719308912754059,0.05946889519691467,-0.015210092067718506,-0.25576550593977787,descriptive_only_unstable_near_zero_gap
RSAR,chaff,D,44,ema,complete,0.5313997864723206,0.4719308912754059,0.05946889519691467,-0.0068898797035217285,-0.11585686400777771,descriptive_only_unstable_near_zero_gap
RSAR,chaff,E,42,ema,complete,0.5313997864723206,0.4719308912754059,0.05946889519691467,-0.007720053195953369,-0.1298166574373135,descriptive_only_unstable_near_zero_gap
RSAR,chaff,E,43,ema,complete,0.5313997864723206,0.4719308912754059,0.05946889519691467,-0.00785982608795166,-0.1321670103661088,descriptive_only_unstable_near_zero_gap
RSAR,chaff,E,44,ema,complete,0.5313997864723206,0.4719308912754059,0.05946889519691467,-0.004065573215484619,-0.06836470060562932,descriptive_only_unstable_near_zero_gap
RSAR,chaff,F,42,ema,complete,0.5313997864723206,0.4719308912754059,0.05946889519691467,-0.02244257926940918,-0.377383490900526,descriptive_only_unstable_near_zero_gap
RSAR,chaff,F,43,ema,complete,0.5313997864723206,0.4719308912754059,0.05946889519691467,-0.02581244707107544,-0.4340495478452175,descriptive_only_unstable_near_zero_gap
RSAR,chaff,F,44,ema,complete,0.5313997864723206,0.4719308912754059,0.05946889519691467,-0.022388964891433716,-0.37648193761291343,descriptive_only_unstable_near_zero_gap
RSAR,gaussian_white_noise,A,42,source,complete,0.5313997864723206,0.5281371474266052,0.003262639045715332,0.0,0.0,descriptive_only_unstable_near_zero_gap
RSAR,gaussian_white_noise,B,42,ema,complete,0.5313997864723206,0.5281371474266052,0.003262639045715332,-0.007937192916870117,-2.432752384084183,descriptive_only_unstable_near_zero_gap
RSAR,gaussian_white_noise,B,43,ema,complete,0.5313997864723206,0.5281371474266052,0.003262639045715332,-0.015467643737792969,-4.7408381745770765,descriptive_only_unstable_near_zero_gap
RSAR,gaussian_white_noise,B,44,ema,complete,0.5313997864723206,0.5281371474266052,0.003262639045715332,0.0005470514297485352,0.16767145310387666,descriptive_only_unstable_near_zero_gap
RSAR,gaussian_white_noise,C,42,ema,complete,0.5313997864723206,0.5281371474266052,0.003262639045715332,-0.007205784320831299,-2.208575395520479,descriptive_only_unstable_near_zero_gap
RSAR,gaussian_white_noise,C,43,ema,complete,0.5313997864723206,0.5281371474266052,0.003262639045715332,-0.011174142360687256,-3.424878512185319,descriptive_only_unstable_near_zero_gap
RSAR,gaussian_white_noise,C,44,ema,complete,0.5313997864723206,0.5281371474266052,0.003262639045715332,-0.0052193403244018555,-1.599729621104169,descriptive_only_unstable_near_zero_gap
RSAR,gaussian_white_noise,D,42,ema,complete,0.5313997864723206,0.5281371474266052,0.003262639045715332,-0.017359435558319092,-5.3206730242244875,descriptive_only_unstable_near_zero_gap
RSAR,gaussian_white_noise,D,43,ema,complete,0.5313997864723206,0.5281371474266052,0.003262639045715332,-0.01779860258102417,-5.455277869121999,descriptive_only_unstable_near_zero_gap
RSAR,gaussian_white_noise,D,44,ema,complete,0.5313997864723206,0.5281371474266052,0.003262639045715332,-0.010166287422180176,-3.115970623698345,descriptive_only_unstable_near_zero_gap
RSAR,gaussian_white_noise,E,42,ema,complete,0.5313997864723206,0.5281371474266052,0.003262639045715332,-0.005177855491638184,-1.5870145054623845,descriptive_only_unstable_near_zero_gap
RSAR,gaussian_white_noise,E,43,ema,complete,0.5313997864723206,0.5281371474266052,0.003262639045715332,-0.012879610061645508,-3.947604954510578,descriptive_only_unstable_near_zero_gap
RSAR,gaussian_white_noise,E,44,ema,complete,0.5313997864723206,0.5281371474266052,0.003262639045715332,-0.00783848762512207,-2.4024991779020057,descriptive_only_unstable_near_zero_gap
RSAR,gaussian_white_noise,F,42,ema,complete,0.5313997864723206,0.5281371474266052,0.003262639045715332,-0.0070345401763916016,-2.1560890058094926,descriptive_only_unstable_near_zero_gap
RSAR,gaussian_white_noise,F,43,ema,complete,0.5313997864723206,0.5281371474266052,0.003262639045715332,-0.013732433319091797,-4.2089955789396765,descriptive_only_unstable_near_zero_gap
RSAR,gaussian_white_noise,F,44,ema,complete,0.5313997864723206,0.5281371474266052,0.003262639045715332,-0.01169133186340332,-3.5833972742884286,descriptive_only_unstable_near_zero_gap
RSAR,point_target,A,42,source,complete,0.5313997864723206,0.5158401131629944,0.015559673309326172,0.0,0.0,descriptive_only_unstable_near_zero_gap
RSAR,point_target,B,42,ema,complete,0.5313997864723206,0.5158401131629944,0.015559673309326172,-0.019735276699066162,-1.2683606080107872,descriptive_only_unstable_near_zero_gap
RSAR,point_target,B,43,ema,complete,0.5313997864723206,0.5158401131629944,0.015559673309326172,-0.01988893747329712,-1.2782361864484693,descriptive_only_unstable_near_zero_gap
RSAR,point_target,B,44,ema,complete,0.5313997864723206,0.5158401131629944,0.015559673309326172,-0.010727286338806152,-0.6894287640587172,descriptive_only_unstable_near_zero_gap
RSAR,point_target,C,42,ema,complete,0.5313997864723206,0.5158401131629944,0.015559673309326172,-0.0044730305671691895,-0.287475866507309,descriptive_only_unstable_near_zero_gap
RSAR,point_target,C,43,ema,complete,0.5313997864723206,0.5158401131629944,0.015559673309326172,-0.022778332233428955,-1.4639338359228955,descriptive_only_unstable_near_zero_gap
RSAR,point_target,C,44,ema,complete,0.5313997864723206,0.5158401131629944,0.015559673309326172,0.0022352933883666992,0.1436594036345806,descriptive_only_unstable_near_zero_gap
RSAR,point_target,D,42,ema,complete,0.5313997864723206,0.5158401131629944,0.015559673309326172,-0.01615220308303833,-1.0380811191811468,descriptive_only_unstable_near_zero_gap
RSAR,point_target,D,43,ema,complete,0.5313997864723206,0.5158401131629944,0.015559673309326172,-0.01787620782852173,-1.1488806656247128,descriptive_only_unstable_near_zero_gap
RSAR,point_target,D,44,ema,complete,0.5313997864723206,0.5158401131629944,0.015559673309326172,-0.01218724250793457,-0.7832582513560724,descriptive_only_unstable_near_zero_gap
RSAR,point_target,E,42,ema,complete,0.5313997864723206,0.5158401131629944,0.015559673309326172,-0.004764974117279053,-0.3062386993962796,descriptive_only_unstable_near_zero_gap
RSAR,point_target,E,43,ema,complete,0.5313997864723206,0.5158401131629944,0.015559673309326172,-0.01106727123260498,-0.7112791517268855,descriptive_only_unstable_near_zero_gap
RSAR,point_target,E,44,ema,complete,0.5313997864723206,0.5158401131629944,0.015559673309326172,-0.01206672191619873,-0.7755125494161993,descriptive_only_unstable_near_zero_gap
RSAR,point_target,F,42,ema,complete,0.5313997864723206,0.5158401131629944,0.015559673309326172,-0.007896780967712402,-0.5075158591523398,descriptive_only_unstable_near_zero_gap
RSAR,point_target,F,43,ema,complete,0.5313997864723206,0.5158401131629944,0.015559673309326172,-0.014963269233703613,-0.9616698844656921,descriptive_only_unstable_near_zero_gap
RSAR,point_target,F,44,ema,complete,0.5313997864723206,0.5158401131629944,0.015559673309326172,-0.010427236557006836,-0.670144954184671,descriptive_only_unstable_near_zero_gap
RSAR,noise_suppression,A,42,source,complete,0.5313997864723206,0.16340675950050354,0.367993026971817,0.0,0.0,descriptive_only_unstable_near_zero_gap
RSAR,noise_suppression,B,42,ema,complete,0.5313997864723206,0.16340675950050354,0.367993026971817,0.017397239804267883,0.047276003970586816,descriptive_only_unstable_near_zero_gap
RSAR,noise_suppression,B,43,ema,complete,0.5313997864723206,0.16340675950050354,0.367993026971817,0.014540210366249084,0.03951218990723608,descriptive_only_unstable_near_zero_gap
RSAR,noise_suppression,B,44,ema,complete,0.5313997864723206,0.16340675950050354,0.367993026971817,0.006162211298942566,0.016745456699684972,descriptive_only_unstable_near_zero_gap
RSAR,noise_suppression,C,42,ema,complete,0.5313997864723206,0.16340675950050354,0.367993026971817,0.02268780767917633,0.06165281952724037,descriptive_only_unstable_near_zero_gap
RSAR,noise_suppression,C,43,ema,complete,0.5313997864723206,0.16340675950050354,0.367993026971817,0.018815413117408752,0.05112980882338768,descriptive_only_unstable_near_zero_gap
RSAR,noise_suppression,C,44,ema,complete,0.5313997864723206,0.16340675950050354,0.367993026971817,0.017941683530807495,0.0487554986529176,descriptive_only_unstable_near_zero_gap
RSAR,noise_suppression,D,42,ema,complete,0.5313997864723206,0.16340675950050354,0.367993026971817,0.001720130443572998,0.004674356081493727,descriptive_only_unstable_near_zero_gap
RSAR,noise_suppression,D,43,ema,complete,0.5313997864723206,0.16340675950050354,0.367993026971817,0.009378477931022644,0.02548547728797291,descriptive_only_unstable_near_zero_gap
RSAR,noise_suppression,D,44,ema,complete,0.5313997864723206,0.16340675950050354,0.367993026971817,0.01581747829914093,0.04298309244960862,descriptive_only_unstable_near_zero_gap
RSAR,noise_suppression,E,42,ema,complete,0.5313997864723206,0.16340675950050354,0.367993026971817,0.01845608651638031,0.05015335934013169,descriptive_only_unstable_near_zero_gap
RSAR,noise_suppression,E,43,ema,complete,0.5313997864723206,0.16340675950050354,0.367993026971817,0.017535418272018433,0.047651496052291756,descriptive_only_unstable_near_zero_gap
RSAR,noise_suppression,E,44,ema,complete,0.5313997864723206,0.16340675950050354,0.367993026971817,0.005303472280502319,0.01441188254066697,descriptive_only_unstable_near_zero_gap
RSAR,noise_suppression,F,42,ema,complete,0.5313997864723206,0.16340675950050354,0.367993026971817,-0.022146403789520264,-0.06018158542774877,descriptive_only_unstable_near_zero_gap
RSAR,noise_suppression,F,43,ema,complete,0.5313997864723206,0.16340675950050354,0.367993026971817,-0.0009371042251586914,-0.00254652712544594,descriptive_only_unstable_near_zero_gap
RSAR,noise_suppression,F,44,ema,complete,0.5313997864723206,0.16340675950050354,0.367993026971817,-0.007505729794502258,-0.02039639135628809,descriptive_only_unstable_near_zero_gap
RSAR,am_noise_horizontal,A,42,source,complete,0.5313997864723206,0.2062060832977295,0.32519370317459106,0.0,0.0,descriptive_only_unstable_near_zero_gap
RSAR,am_noise_horizontal,B,42,ema,complete,0.5313997864723206,0.2062060832977295,0.32519370317459106,0.021259665489196777,0.06537539097976573,descriptive_only_unstable_near_zero_gap
RSAR,am_noise_horizontal,B,43,ema,complete,0.5313997864723206,0.2062060832977295,0.32519370317459106,0.016504362225532532,0.050752404073062925,descriptive_only_unstable_near_zero_gap
RSAR,am_noise_horizontal,B,44,ema,complete,0.5313997864723206,0.2062060832977295,0.32519370317459106,0.018127843737602234,0.05574475631180871,descriptive_only_unstable_near_zero_gap
RSAR,am_noise_horizontal,C,42,ema,complete,0.5313997864723206,0.2062060832977295,0.32519370317459106,0.022943034768104553,0.07055190350898899,descriptive_only_unstable_near_zero_gap
RSAR,am_noise_horizontal,C,43,ema,complete,0.5313997864723206,0.2062060832977295,0.32519370317459106,0.0020262449979782104,0.006230886324666482,descriptive_only_unstable_near_zero_gap
RSAR,am_noise_horizontal,C,44,ema,complete,0.5313997864723206,0.2062060832977295,0.32519370317459106,0.004784300923347473,0.014712157328516481,descriptive_only_unstable_near_zero_gap
RSAR,am_noise_horizontal,D,42,ema,complete,0.5313997864723206,0.2062060832977295,0.32519370317459106,-0.016856655478477478,-0.05183573763550834,descriptive_only_unstable_near_zero_gap
RSAR,am_noise_horizontal,D,43,ema,complete,0.5313997864723206,0.2062060832977295,0.32519370317459106,-0.051710546016693115,-0.15901459810533475,descriptive_only_unstable_near_zero_gap
RSAR,am_noise_horizontal,D,44,ema,complete,0.5313997864723206,0.2062060832977295,0.32519370317459106,-0.034285709261894226,-0.10543165174230573,descriptive_only_unstable_near_zero_gap
RSAR,am_noise_horizontal,E,42,ema,complete,0.5313997864723206,0.2062060832977295,0.32519370317459106,0.028642162680625916,0.08807723643175347,descriptive_only_unstable_near_zero_gap
RSAR,am_noise_horizontal,E,43,ema,complete,0.5313997864723206,0.2062060832977295,0.32519370317459106,0.024093687534332275,0.07409026466111115,descriptive_only_unstable_near_zero_gap
RSAR,am_noise_horizontal,E,44,ema,complete,0.5313997864723206,0.2062060832977295,0.32519370317459106,0.027255728840827942,0.08381382718900555,descriptive_only_unstable_near_zero_gap
RSAR,am_noise_horizontal,F,42,ema,complete,0.5313997864723206,0.2062060832977295,0.32519370317459106,-0.047459810972213745,-0.14594320403163946,descriptive_only_unstable_near_zero_gap
RSAR,am_noise_horizontal,F,43,ema,complete,0.5313997864723206,0.2062060832977295,0.32519370317459106,-0.04898780584335327,-0.15064192622774292,descriptive_only_unstable_near_zero_gap
RSAR,am_noise_horizontal,F,44,ema,complete,0.5313997864723206,0.2062060832977295,0.32519370317459106,-0.07083238661289215,-0.21781598450835754,descriptive_only_unstable_near_zero_gap
RSAR,smart_suppression,A,42,source,complete,0.5313997864723206,0.14372646808624268,0.3876733183860779,0.0,0.0,descriptive_only_unstable_near_zero_gap
RSAR,smart_suppression,B,42,ema,complete,0.5313997864723206,0.14372646808624268,0.3876733183860779,-0.0003407597541809082,-0.0008789868634744443,descriptive_only_unstable_near_zero_gap
RSAR,smart_suppression,B,43,ema,complete,0.5313997864723206,0.14372646808624268,0.3876733183860779,0.00788259506225586,0.0203330863601134,descriptive_only_unstable_near_zero_gap
RSAR,smart_suppression,B,44,ema,complete,0.5313997864723206,0.14372646808624268,0.3876733183860779,0.004839420318603516,0.012483243207839265,descriptive_only_unstable_near_zero_gap
RSAR,smart_suppression,C,42,ema,complete,0.5313997864723206,0.14372646808624268,0.3876733183860779,0.037702128291130066,0.09725231658471553,descriptive_only_unstable_near_zero_gap
RSAR,smart_suppression,C,43,ema,complete,0.5313997864723206,0.14372646808624268,0.3876733183860779,0.04811255633831024,0.12410592645015536,descriptive_only_unstable_near_zero_gap
RSAR,smart_suppression,C,44,ema,complete,0.5313997864723206,0.14372646808624268,0.3876733183860779,0.05332052707672119,0.13753984230511346,descriptive_only_unstable_near_zero_gap
RSAR,smart_suppression,D,42,ema,complete,0.5313997864723206,0.14372646808624268,0.3876733183860779,0.0026547610759735107,0.006847933427622881,descriptive_only_unstable_near_zero_gap
RSAR,smart_suppression,D,43,ema,complete,0.5313997864723206,0.14372646808624268,0.3876733183860779,-0.0028536170721054077,-0.00736088076420966,descriptive_only_unstable_near_zero_gap
RSAR,smart_suppression,D,44,ema,complete,0.5313997864723206,0.14372646808624268,0.3876733183860779,0.012998536229133606,0.03352961272456869,descriptive_only_unstable_near_zero_gap
RSAR,smart_suppression,E,42,ema,complete,0.5313997864723206,0.14372646808624268,0.3876733183860779,0.011257901787757874,0.02903966111112734,descriptive_only_unstable_near_zero_gap
RSAR,smart_suppression,E,43,ema,complete,0.5313997864723206,0.14372646808624268,0.3876733183860779,0.014439761638641357,0.037247241308108345,descriptive_only_unstable_near_zero_gap
RSAR,smart_suppression,E,44,ema,complete,0.5313997864723206,0.14372646808624268,0.3876733183860779,0.018486738204956055,0.04768638265310123,descriptive_only_unstable_near_zero_gap
RSAR,smart_suppression,F,42,ema,complete,0.5313997864723206,0.14372646808624268,0.3876733183860779,-0.011617377400398254,-0.029966925370986424,descriptive_only_unstable_near_zero_gap
RSAR,smart_suppression,F,43,ema,complete,0.5313997864723206,0.14372646808624268,0.3876733183860779,-0.026538588106632233,-0.06845606041993033,descriptive_only_unstable_near_zero_gap
RSAR,smart_suppression,F,44,ema,complete,0.5313997864723206,0.14372646808624268,0.3876733183860779,0.006103411316871643,0.015743697147589997,descriptive_only_unstable_near_zero_gap
RSAR,am_noise_vertical,A,42,source,complete,0.5313997864723206,0.19074364006519318,0.3406561464071274,0.0,0.0,descriptive_only_unstable_near_zero_gap
RSAR,am_noise_vertical,B,42,ema,complete,0.5313997864723206,0.19074364006519318,0.3406561464071274,0.04580460488796234,0.1344599396519328,descriptive_only_unstable_near_zero_gap
RSAR,am_noise_vertical,B,43,ema,complete,0.5313997864723206,0.19074364006519318,0.3406561464071274,0.043888673186302185,0.1288357003071644,descriptive_only_unstable_near_zero_gap
RSAR,am_noise_vertical,B,44,ema,complete,0.5313997864723206,0.19074364006519318,0.3406561464071274,0.04159995913505554,0.12211715412684292,descriptive_only_unstable_near_zero_gap
RSAR,am_noise_vertical,C,42,ema,complete,0.5313997864723206,0.19074364006519318,0.3406561464071274,0.04917827248573303,0.14436337933253887,descriptive_only_unstable_near_zero_gap
RSAR,am_noise_vertical,C,43,ema,complete,0.5313997864723206,0.19074364006519318,0.3406561464071274,0.03567610681056976,0.10472761811827778,descriptive_only_unstable_near_zero_gap
RSAR,am_noise_vertical,C,44,ema,complete,0.5313997864723206,0.19074364006519318,0.3406561464071274,0.03571963310241699,0.1048553900440343,descriptive_only_unstable_near_zero_gap
RSAR,am_noise_vertical,D,42,ema,complete,0.5313997864723206,0.19074364006519318,0.3406561464071274,-0.014688283205032349,-0.043117622740550775,descriptive_only_unstable_near_zero_gap
RSAR,am_noise_vertical,D,43,ema,complete,0.5313997864723206,0.19074364006519318,0.3406561464071274,-0.016580715775489807,-0.04867288011787037,descriptive_only_unstable_near_zero_gap
RSAR,am_noise_vertical,D,44,ema,complete,0.5313997864723206,0.19074364006519318,0.3406561464071274,-0.023491159081459045,-0.06895856519607348,descriptive_only_unstable_near_zero_gap
RSAR,am_noise_vertical,E,42,ema,complete,0.5313997864723206,0.19074364006519318,0.3406561464071274,0.05885457992553711,0.17276829009624975,descriptive_only_unstable_near_zero_gap
RSAR,am_noise_vertical,E,43,ema,complete,0.5313997864723206,0.19074364006519318,0.3406561464071274,0.06086637079715729,0.1786739251268763,descriptive_only_unstable_near_zero_gap
RSAR,am_noise_vertical,E,44,ema,complete,0.5313997864723206,0.19074364006519318,0.3406561464071274,0.052204132080078125,0.15324582465536246,descriptive_only_unstable_near_zero_gap
RSAR,am_noise_vertical,F,42,ema,complete,0.5313997864723206,0.19074364006519318,0.3406561464071274,-0.019406259059906006,-0.0569672946300316,descriptive_only_unstable_near_zero_gap
RSAR,am_noise_vertical,F,43,ema,complete,0.5313997864723206,0.19074364006519318,0.3406561464071274,-0.050766393542289734,-0.1490253267927755,descriptive_only_unstable_near_zero_gap
RSAR,am_noise_vertical,F,44,ema,complete,0.5313997864723206,0.19074364006519318,0.3406561464071274,-0.017247676849365234,-0.05063075195112455,descriptive_only_unstable_near_zero_gap
DIOR,brightness,A,42,source,complete,0.2948998510837555,0.2416841983795166,0.05321565270423889,0.0,0.0,descriptive_only_unstable_near_zero_gap
DIOR,brightness,B,42,ema,complete,0.2948998510837555,0.2416841983795166,0.05321565270423889,0.002971366047859192,0.05583631688919429,descriptive_only_unstable_near_zero_gap
DIOR,brightness,B,43,ema,complete,0.2948998510837555,0.2416841983795166,0.05321565270423889,0.003756806254386902,0.07059588792918542,descriptive_only_unstable_near_zero_gap
DIOR,brightness,B,44,ema,complete,0.2948998510837555,0.2416841983795166,0.05321565270423889,0.004801154136657715,0.09022071313005392,descriptive_only_unstable_near_zero_gap
DIOR,brightness,C,42,ema,complete,0.2948998510837555,0.2416841983795166,0.05321565270423889,0.0057020485401153564,0.10714983750751139,descriptive_only_unstable_near_zero_gap
DIOR,brightness,C,43,ema,complete,0.2948998510837555,0.2416841983795166,0.05321565270423889,0.0056611597537994385,0.10638147736837772,descriptive_only_unstable_near_zero_gap
DIOR,brightness,C,44,ema,complete,0.2948998510837555,0.2416841983795166,0.05321565270423889,0.005832761526107788,0.10960612582401305,descriptive_only_unstable_near_zero_gap
DIOR,brightness,D,42,ema,complete,0.2948998510837555,0.2416841983795166,0.05321565270423889,-0.0017880946397781372,-0.03360091531181589,descriptive_only_unstable_near_zero_gap
DIOR,brightness,D,43,ema,complete,0.2948998510837555,0.2416841983795166,0.05321565270423889,-0.0015239417552947998,-0.028637096001895138,descriptive_only_unstable_near_zero_gap
DIOR,brightness,D,44,ema,complete,0.2948998510837555,0.2416841983795166,0.05321565270423889,-0.0020875632762908936,-0.03922836929001171,descriptive_only_unstable_near_zero_gap
DIOR,brightness,E,42,ema,complete,0.2948998510837555,0.2416841983795166,0.05321565270423889,0.0031017959117889404,0.058287284927764624,descriptive_only_unstable_near_zero_gap
DIOR,brightness,E,43,ema,complete,0.2948998510837555,0.2416841983795166,0.05321565270423889,0.004901796579360962,0.09211193192732388,descriptive_only_unstable_near_zero_gap
DIOR,brightness,E,44,ema,complete,0.2948998510837555,0.2416841983795166,0.05321565270423889,0.0035382509231567383,0.06648891338083501,descriptive_only_unstable_near_zero_gap
DIOR,brightness,F,42,ema,complete,0.2948998510837555,0.2416841983795166,0.05321565270423889,0.0002102106809616089,0.003950166356690474,descriptive_only_unstable_near_zero_gap
DIOR,brightness,F,43,ema,complete,0.2948998510837555,0.2416841983795166,0.05321565270423889,-0.002773761749267578,-0.0521230429077615,descriptive_only_unstable_near_zero_gap
DIOR,brightness,F,44,ema,complete,0.2948998510837555,0.2416841983795166,0.05321565270423889,-0.002257987856864929,-0.04243089659003786,descriptive_only_unstable_near_zero_gap
DIOR,cloudy,A,42,source,complete,0.2948998510837555,0.29026827216148376,0.0046315789222717285,0.0,0.0,descriptive_only_unstable_near_zero_gap
DIOR,cloudy,B,42,ema,complete,0.2948998510837555,0.29026827216148376,0.0046315789222717285,0.006905943155288696,1.4910559166076829,descriptive_only_unstable_near_zero_gap
DIOR,cloudy,B,43,ema,complete,0.2948998510837555,0.29026827216148376,0.0046315789222717285,0.0050165653228759766,1.083122064217232,descriptive_only_unstable_near_zero_gap
DIOR,cloudy,B,44,ema,complete,0.2948998510837555,0.29026827216148376,0.0046315789222717285,0.006771951913833618,1.4621259893185767,descriptive_only_unstable_near_zero_gap
DIOR,cloudy,C,42,ema,complete,0.2948998510837555,0.29026827216148376,0.0046315789222717285,0.003982067108154297,0.8597644939193102,descriptive_only_unstable_near_zero_gap
DIOR,cloudy,C,43,ema,complete,0.2948998510837555,0.29026827216148376,0.0046315789222717285,0.004060804843902588,0.8767646869570813,descriptive_only_unstable_near_zero_gap
DIOR,cloudy,C,44,ema,complete,0.2948998510837555,0.29026827216148376,0.0046315789222717285,0.0039553046226501465,0.8539862299723312,descriptive_only_unstable_near_zero_gap
DIOR,cloudy,D,42,ema,complete,0.2948998510837555,0.29026827216148376,0.0046315789222717285,-0.003565967082977295,-0.7699247152692877,descriptive_only_unstable_near_zero_gap
DIOR,cloudy,D,43,ema,complete,0.2948998510837555,0.29026827216148376,0.0046315789222717285,-0.00448647141456604,-0.9686699697574158,descriptive_only_unstable_near_zero_gap
DIOR,cloudy,D,44,ema,complete,0.2948998510837555,0.29026827216148376,0.0046315789222717285,-0.0038666129112243652,-0.8348368830834567,descriptive_only_unstable_near_zero_gap
DIOR,cloudy,E,42,ema,complete,0.2948998510837555,0.29026827216148376,0.0046315789222717285,0.007302641868591309,1.576706775625764,descriptive_only_unstable_near_zero_gap
DIOR,cloudy,E,43,ema,complete,0.2948998510837555,0.29026827216148376,0.0046315789222717285,0.006842702627182007,1.47740171160157,descriptive_only_unstable_near_zero_gap
DIOR,cloudy,E,44,ema,complete,0.2948998510837555,0.29026827216148376,0.0046315789222717285,0.005427569150924683,1.1718615275722284,descriptive_only_unstable_near_zero_gap
DIOR,cloudy,F,42,ema,complete,0.2948998510837555,0.29026827216148376,0.0046315789222717285,-0.0024078190326690674,-0.5198700212341548,descriptive_only_unstable_near_zero_gap
DIOR,cloudy,F,43,ema,complete,0.2948998510837555,0.29026827216148376,0.0046315789222717285,-0.006374776363372803,-1.3763721768225983,descriptive_only_unstable_near_zero_gap
DIOR,cloudy,F,44,ema,complete,0.2948998510837555,0.29026827216148376,0.0046315789222717285,-0.005957514047622681,-1.2862814490702015,descriptive_only_unstable_near_zero_gap
DIOR,contrast,A,42,source,complete,0.2948998510837555,0.2816031277179718,0.013296723365783691,0.0,0.0,descriptive_only_unstable_near_zero_gap
DIOR,contrast,B,42,ema,complete,0.2948998510837555,0.2816031277179718,0.013296723365783691,0.0029642581939697266,0.22293147811118783,descriptive_only_unstable_near_zero_gap
DIOR,contrast,B,43,ema,complete,0.2948998510837555,0.2816031277179718,0.013296723365783691,0.0016396939754486084,0.12331564178194565,descriptive_only_unstable_near_zero_gap
DIOR,contrast,B,44,ema,complete,0.2948998510837555,0.2816031277179718,0.013296723365783691,0.003891587257385254,0.29267264951901095,descriptive_only_unstable_near_zero_gap
DIOR,contrast,C,42,ema,complete,0.2948998510837555,0.2816031277179718,0.013296723365783691,0.0031044185161590576,0.23347244510986992,descriptive_only_unstable_near_zero_gap
DIOR,contrast,C,43,ema,complete,0.2948998510837555,0.2816031277179718,0.013296723365783691,0.0031782686710357666,0.2390264566392627,descriptive_only_unstable_near_zero_gap
DIOR,contrast,C,44,ema,complete,0.2948998510837555,0.2816031277179718,0.013296723365783691,0.002678424119949341,0.20143489837817485,descriptive_only_unstable_near_zero_gap
DIOR,contrast,D,42,ema,complete,0.2948998510837555,0.2816031277179718,0.013296723365783691,-0.003926903009414673,-0.2953286235554639,descriptive_only_unstable_near_zero_gap
DIOR,contrast,D,43,ema,complete,0.2948998510837555,0.2816031277179718,0.013296723365783691,-1.9341707229614258e-05,-0.0014546220672219184,descriptive_only_unstable_near_zero_gap
DIOR,contrast,D,44,ema,complete,0.2948998510837555,0.2816031277179718,0.013296723365783691,-0.0027691423892974854,-0.2082575017258228,descriptive_only_unstable_near_zero_gap
DIOR,contrast,E,42,ema,complete,0.2948998510837555,0.2816031277179718,0.013296723365783691,0.003079026937484741,0.23156283339758474,descriptive_only_unstable_near_zero_gap
DIOR,contrast,E,43,ema,complete,0.2948998510837555,0.2816031277179718,0.013296723365783691,0.0036666393280029297,0.2757551035045409,descriptive_only_unstable_near_zero_gap
DIOR,contrast,E,44,ema,complete,0.2948998510837555,0.2816031277179718,0.013296723365783691,0.00326654314994812,0.2456652710662447,descriptive_only_unstable_near_zero_gap
DIOR,contrast,F,42,ema,complete,0.2948998510837555,0.2816031277179718,0.013296723365783691,0.0008164346218109131,0.06140118880053075,descriptive_only_unstable_near_zero_gap
DIOR,contrast,F,43,ema,complete,0.2948998510837555,0.2816031277179718,0.013296723365783691,-0.0027975738048553467,-0.21039572892479,descriptive_only_unstable_near_zero_gap
DIOR,contrast,F,44,ema,complete,0.2948998510837555,0.2816031277179718,0.013296723365783691,-0.0015023648738861084,-0.11298760097183995,descriptive_only_unstable_near_zero_gap
